date,minimo,maximo,volumen,year_week,month
2008-01-31,0.5957499742507935,138.5399932861328,5420461348.0,,2008-01
2008-02-03,0.5957499742507935,139.61000061035156,9190435328.0,2008-01-28/2008-02-03,
2008-02-10,0.5774999856948853,139.3000030517578,15883088316.0,2008-02-04/2008-02-10,
2008-02-17,0.5477499961853027,137.05999755859375,14584948808.0,2008-02-11/2008-02-17,
2008-02-24,0.5289999842643738,137.00999450683594,10496511648.0,2008-02-18/2008-02-24,
2008-02-29,0.5289999842643738,139.61000061035156,59926561080.0,,2008-02
2008-03-02,0.5325000286102295,139.13999938964844,15192038328.0,2008-02-25/2008-03-02,
2008-03-09,0.4749999940395355,134.77000427246094,16312022712.0,2008-03-03/2008-03-09,
2008-03-16,0.453000009059906,133.77000427246094,15914581004.0,2008-03-10/2008-03-16,
2008-03-23,0.43274998664855957,134.64999389648438,11812864488.0,2008-03-17/2008-03-23,
2008-03-30,0.4715000092983246,135.80999755859375,12214447432.0,2008-03-24/2008-03-30,
2008-03-31,0.43274998664855957,135.80999755859375,58181734380.0,,2008-03
2008-04-06,0.46825000643730164,137.9600067138672,12573176336.0,2008-03-31/2008-04-06,
2008-04-13,0.46024999022483826,138.57000732421875,12933279072.0,2008-04-07/2008-04-13,
2008-04-20,0.4402500092983246,139.55999755859375,11598269020.0,2008-04-14/2008-04-20,
2008-04-27,0.4717499911785126,139.88999938964844,14608208832.0,2008-04-21/2008-04-27,
2008-04-30,0.4402500092983246,140.58999633789062,57067051912.0,,2008-04
2008-05-04,0.4892500042915344,142.3699951171875,13068296032.0,2008-04-28/2008-05-04,
2008-05-11,0.5252500176429749,142.1999969482422,13825138656.0,2008-05-05/2008-05-11,
2008-05-18,0.5320000052452087,142.8699951171875,12364542300.0,2008-05-12/2008-05-18,
2008-05-25,0.5692499876022339,144.3000030517578,13476620540.0,2008-05-19/2008-05-25,
2008-05-31,0.5174999833106995,144.3000030517578,54081922888.0,,2008-05
2008-06-01,0.5677499771118164,140.92999267578125,8629262756.0,2008-05-26/2008-06-01,
2008-06-08,0.5824999809265137,140.88999938964844,11744788244.0,2008-06-02/2008-06-08,
2008-06-15,0.5170000195503235,137.5,15024807516.0,2008-06-09/2008-06-15,
2008-06-22,0.484499990940094,137.1199951171875,12103205676.0,2008-06-16/2008-06-22,
2008-06-29,0.46775001287460327,133.39999389648438,11949153792.0,2008-06-23/2008-06-29,
2008-06-30,0.4647499918937683,140.88999938964844,52846670816.0,,2008-06
2008-07-06,0.3100000023841858,129.16000366210938,11455296652.0,2008-06-30/2008-07-06,
2008-07-13,0.28299999237060547,127.73999786376953,16425257712.0,2008-07-07/2008-07-13,
2008-07-20,0.26750001311302185,126.41999816894531,14329077888.0,2008-07-14/2008-07-20,
2008-07-27,0.27274999022483826,129.14999389648438,13908532740.0,2008-07-21/2008-07-27,
2008-07-31,0.26750001311302185,129.16000366210938,62939396360.0,,2008-07
2008-08-03,0.26750001311302185,128.60000610351562,11017011240.0,2008-07-28/2008-08-03,
2008-08-10,0.26374998688697815,129.92999267578125,10762138884.0,2008-08-04/2008-08-10,
2008-08-17,0.27274999022483826,131.50999450683594,15170785208.0,2008-08-11/2008-08-17,
2008-08-24,0.3227500021457672,130.47999572753906,10348832348.0,2008-08-18/2008-08-24,
2008-08-31,0.26374998688697815,131.50999450683594,46388209024.0,,2008-08
2008-08-31,0.3149999976158142,130.33999633789062,7935388300.0,2008-08-25/2008-08-31,
2008-09-07,0.2847500145435333,130.7100067138672,9099180544.0,2008-09-01/2008-09-07,
2008-09-14,0.24025000631809235,128.24000549316406,15330336952.0,2008-09-08/2008-09-14,
2008-09-21,0.2199999988079071,128.0,19920642184.0,2008-09-15/2008-09-21,
2008-09-28,0.26625001430511475,124.75,13476082348.0,2008-09-22/2008-09-28,
2008-09-30,0.2199999988079071,130.7100067138672,66028706660.0,,2008-09
2008-10-05,0.22425000369548798,119.33999633789062,18815423128.0,2008-09-29/2008-10-05,
2008-10-12,0.15700000524520874,107.62000274658203,24691591432.0,2008-10-06/2008-10-12,
2008-10-19,0.17249999940395355,105.52999877929688,21334175476.0,2008-10-13/2008-10-19,
2008-10-26,0.14925000071525574,99.0999984741211,19398117268.0,2008-10-20/2008-10-26,
2008-10-31,0.14925000071525574,116.69000244140625,94299601576.0,,2008-10
2008-11-02,0.1589999943971634,98.56999969482422,18262758904.0,2008-10-27/2008-11-02,
2008-11-09,0.1899999976158142,100.86000061035156,15235831120.0,2008-11-03/2008-11-09,
2008-11-16,0.17149999737739563,95.52999877929688,16805682216.0,2008-11-10/2008-11-16,
2008-11-23,0.14374999701976776,88.55999755859375,16961127064.0,2008-11-17/2008-11-23,
2008-11-30,0.14374999701976776,100.86000061035156,59034146480.0,,2008-11
2008-11-30,0.1599999964237213,90.12999725341797,10031506080.0,2008-11-24/2008-11-30,
2008-12-07,0.16850000619888306,88.41999816894531,13766166560.0,2008-12-01/2008-12-07,
2008-12-14,0.17374999821186066,92.37999725341797,14321640800.0,2008-12-08/2008-12-14,
2008-12-21,0.20125000178813934,92.43000030517578,12380510068.0,2008-12-15/2008-12-21,
2008-12-28,0.18250000476837158,88.66999816894531,5382943564.0,2008-12-22/2008-12-28,
2008-12-31,0.16850000619888306,92.43000030517578,51217629404.0,,2008-12
2009-01-04,0.17800000309944153,93.44000244140625,7266973192.0,2008-12-29/2009-01-04,
2009-01-11,0.19699999690055847,94.44999694824219,12691629504.0,2009-01-05/2009-01-11,
2009-01-18,0.18000000715255737,88.91000366210938,15484061556.0,2009-01-12/2009-01-18,
2009-01-25,0.1770000010728836,85.05999755859375,10878723200.0,2009-01-19/2009-01-25,
2009-01-31,0.1770000010728836,94.44999694824219,52697546932.0,,2009-01
2009-02-01,0.19050000607967377,87.94999694824219,11742527892.0,2009-01-26/2009-02-01,
2009-02-08,0.19474999606609344,87.33999633789062,12705143768.0,2009-02-02/2009-02-08,
2009-02-15,0.1965000033378601,87.73999786376953,13925592316.0,2009-02-09/2009-02-15,
2009-02-22,0.18125000596046448,82.95999908447266,9807049272.0,2009-02-16/2009-02-22,
2009-02-28,0.18025000393390656,87.73999786376953,49258566888.0,,2009-02
2009-03-01,0.18025000393390656,79.66999816894531,12820781532.0,2009-02-23/2009-03-01,
2009-03-08,0.18674999475479126,73.91999816894531,14549871268.0,2009-03-02/2009-03-08,
2009-03-15,0.2070000022649765,76.9800033569336,14734961376.0,2009-03-09/2009-03-15,
2009-03-22,0.2317499965429306,81.0,13347926176.0,2009-03-16/2009-03-22,
2009-03-29,0.23899999260902405,83.30000305175781,12643071344.0,2009-03-23/2009-03-29,
2009-03-31,0.18674999475479126,83.30000305175781,59590593788.0,,2009-03
2009-04-05,0.2342499941587448,84.61000061035156,12272401964.0,2009-03-30/2009-04-05,
2009-04-12,0.2722499966621399,85.81999969482422,8338707172.0,2009-04-06/2009-04-12,
2009-04-19,0.27274999022483826,87.6500015258789,11000179088.0,2009-04-13/2009-04-19,
2009-04-26,0.2685000002384186,87.30999755859375,11707234580.0,2009-04-20/2009-04-26,
2009-04-30,0.2342499941587448,89.0199966430664,47516061884.0,,2009-04
2009-05-03,0.26875001192092896,89.0199966430664,10364877496.0,2009-04-27/2009-05-03,
2009-05-10,0.2277500033378601,93.22000122070312,13158401936.0,2009-05-04/2009-05-10,
2009-05-17,0.2082500010728836,92.11000061035156,11348845356.0,2009-05-11/2009-05-17,
2009-05-24,0.22349999845027924,92.80000305175781,9944462036.0,2009-05-18/2009-05-24,
2009-05-31,0.2082500010728836,93.69999694824219,44676214188.0,,2009-05
2009-05-31,0.2407499998807907,93.69999694824219,8371930068.0,2009-05-25/2009-05-31,
2009-06-07,0.2562499940395355,95.66999816894531,10264524492.0,2009-06-01/2009-06-07,
2009-06-14,0.26249998807907104,96.11000061035156,10253142456.0,2009-06-08/2009-06-14,
2009-06-21,0.26875001192092896,94.0199966430664,9577792260.0,2009-06-15/2009-06-21,
2009-06-28,0.25224998593330383,92.23999786376953,9360666980.0,2009-06-22/2009-06-28,
2009-06-30,0.25224998593330383,96.11000061035156,42789529260.0,,2009-06
2009-07-05,0.26875001192092896,93.2300033569336,6552837236.0,2009-06-29/2009-07-05,
2009-07-12,0.24275000393390656,89.93000030517578,9639408988.0,2009-07-06/2009-07-12,
2009-07-19,0.2487500011920929,94.51000213623047,9877981416.0,2009-07-13/2009-07-19,
2009-07-26,0.29124999046325684,98.13999938964844,11345899460.0,2009-07-20/2009-07-26,
2009-07-31,0.24275000393390656,99.83000183105469,41976032812.0,,2009-07
2009-08-02,0.31450000405311584,99.83000183105469,7893308784.0,2009-07-27/2009-08-02,
2009-08-09,0.32475000619888306,102.02999877929688,8826525756.0,2009-08-03/2009-08-09,
2009-08-16,0.32199999690055847,101.61000061035156,7115078452.0,2009-08-10/2009-08-16,
2009-08-23,0.3179999887943268,103.12999725341797,8281022072.0,2009-08-17/2009-08-23,
2009-08-30,0.3345000147819519,104.3499984741211,7380571292.0,2009-08-24/2009-08-30,
2009-08-31,0.3179999887943268,104.3499984741211,32877088856.0,,2009-08
2009-09-06,0.3487499952316284,103.23999786376953,7258742780.0,2009-08-31/2009-09-06,
2009-09-13,0.3774999976158142,105.30000305175781,6605065116.0,2009-09-07/2009-09-13,
2009-09-20,0.37424999475479126,108.05999755859375,9332456272.0,2009-09-14/2009-09-20,
2009-09-27,0.35975000262260437,108.02999877929688,7441270940.0,2009-09-21/2009-09-27,
2009-09-30,0.3487499952316284,108.05999755859375,33924449316.0,,2009-09
2009-10-04,0.3434999883174896,107.0199966430664,8498260432.0,2009-09-28/2009-10-04,
2009-10-11,0.3372499942779541,107.26000213623047,9137665180.0,2009-10-05/2009-10-11,
2009-10-18,0.3244999945163727,109.70999908447266,9254704788.0,2009-10-12/2009-10-18,
2009-10-25,0.3267500102519989,110.30999755859375,11703152244.0,2009-10-19/2009-10-25,
2009-10-31,0.29750001430511475,110.30999755859375,45399798320.0,,2009-10
2009-11-01,0.29750001430511475,109.30999755859375,11366821168.0,2009-10-26/2009-11-01,
2009-11-08,0.289000004529953,107.4000015258789,11076745524.0,2009-11-02/2009-11-08,
2009-11-15,0.3240000009536743,110.81999969482422,8266051460.0,2009-11-09/2009-11-15,
2009-11-22,0.3162499964237213,111.69000244140625,7364885512.0,2009-11-16/2009-11-22,
2009-11-29,0.31325000524520874,111.73999786376953,4646577660.0,2009-11-23/2009-11-29,
2009-11-30,0.289000004529953,111.73999786376953,32884201352.0,,2009-11
2009-12-06,0.3174999952316284,112.37999725341797,9342575464.0,2009-11-30/2009-12-06,
2009-12-13,0.3774999976158142,111.52999877929688,11235470820.0,2009-12-07/2009-12-13,
2009-12-20,0.3815000057220459,112.12999725341797,9907326160.0,2009-12-14/2009-12-20,
2009-12-27,0.42250001430511475,112.5999984741211,5580654664.0,2009-12-21/2009-12-27,
2009-12-31,0.3264999985694885,113.02999877929688,40509604588.0,,2009-12
2010-01-03,0.4404999911785126,113.02999877929688,5973518676.0,2009-12-28/2010-01-03,
2010-01-10,0.45274999737739563,114.62000274658203,8979788872.0,2010-01-04/2010-01-10,
2010-01-17,0.421999990940094,115.13999938964844,9581454904.0,2010-01-11/2010-01-17,
2010-01-24,0.4090000092983246,115.12999725341797,9149924480.0,2010-01-18/2010-01-24,
2010-01-31,0.3787499964237213,115.13999938964844,43587457780.0,,2010-01
2010-01-31,0.3787499964237213,110.47000122070312,15876289524.0,2010-01-25/2010-01-31,
2010-02-07,0.382999986410141,110.58999633789062,12254832008.0,2010-02-01/2010-02-07,
2010-02-14,0.39675000309944153,108.25,9436033176.0,2010-02-08/2010-02-14,
2010-02-21,0.40525001287460327,111.56999969482422,7611325836.0,2010-02-15/2010-02-21,
2010-02-28,0.382999986410141,111.58000183105469,37132809528.0,,2010-02
2010-02-28,0.39399999380111694,111.58000183105469,7830618508.0,2010-02-22/2010-02-28,
2010-03-07,0.4020000100135803,114.33999633789062,8589540696.0,2010-03-01/2010-03-07,
2010-03-14,0.42124998569488525,115.97000122070312,8300183816.0,2010-03-08/2010-03-14,
2010-03-21,0.42500001192092896,117.4800033569336,8258047064.0,2010-03-15/2010-03-21,
2010-03-28,0.4257499873638153,118.16999816894531,8398987564.0,2010-03-22/2010-03-28,
2010-03-31,0.4020000100135803,118.16999816894531,38016119112.0,,2010-03
2010-04-04,0.4259999990463257,118.25,6151791764.0,2010-03-29/2010-04-04,
2010-04-11,0.41874998807907104,119.5999984741211,9463264632.0,2010-04-05/2010-04-11,
2010-04-18,0.4169999957084656,121.56999969482422,10665247012.0,2010-04-12/2010-04-18,
2010-04-25,0.4025000035762787,121.86000061035156,11453380080.0,2010-04-19/2010-04-25,
2010-04-30,0.39250001311302185,122.12000274658203,43778778360.0,,2010-04
2010-05-02,0.39250001311302185,122.12000274658203,10514454844.0,2010-04-26/2010-05-02,
2010-05-09,0.32600000500679016,120.68000030517578,16055246284.0,2010-05-03/2010-05-09,
2010-05-16,0.3149999976158142,117.68000030517578,14026978932.0,2010-05-10/2010-05-16,
2010-05-23,0.30024999380111694,115.22000122070312,14186273136.0,2010-05-17/2010-05-23,
2010-05-30,0.29624998569488525,110.80000305175781,11838430700.0,2010-05-24/2010-05-30,
2010-05-31,0.29624998569488525,120.68000030517578,56106929052.0,,2010-05
2010-06-06,0.3007499873638153,111.05999755859375,8112971756.0,2010-05-31/2010-06-06,
2010-06-13,0.27175000309944153,109.75,11021794144.0,2010-06-07/2010-06-13,
2010-06-20,0.28325000405311584,112.41999816894531,9519164920.0,2010-06-14/2010-06-20,
2010-06-27,0.27250000834465027,113.19999694824219,10008810556.0,2010-06-21/2010-06-27,
2010-06-30,0.2552500069141388,113.19999694824219,45085609172.0,,2010-06
2010-07-04,0.2475000023841858,108.31999969482422,11040844512.0,2010-06-28/2010-07-04,
2010-07-11,0.2512499988079071,107.97000122070312,7603742792.0,2010-07-05/2010-07-11,
2010-07-18,0.2502500116825104,110.08999633789062,12739707232.0,2010-07-12/2010-07-18,
2010-07-25,0.2524999976158142,110.56999969482422,12566915740.0,2010-07-19/2010-07-25,
2010-07-31,0.22300000488758087,112.29000091552734,49590593900.0,,2010-07
2010-08-01,0.22300000488758087,112.29000091552734,12062251420.0,2010-07-26/2010-08-01,
2010-08-08,0.22175000607967377,113.11000061035156,9058857264.0,2010-08-02/2010-08-08,
2010-08-15,0.2162500023841858,113.18000030517578,10330401760.0,2010-08-09/2010-08-15,
2010-08-22,0.22574999928474426,110.38999938964844,9341586212.0,2010-08-16/2010-08-22,
2010-08-29,0.2370000034570694,108.56999969482422,9467199884.0,2010-08-23/2010-08-29,
2010-08-31,0.2162500023841858,113.18000030517578,41560002192.0,,2010-08
2010-09-05,0.23250000178813934,110.98999786376953,8797249456.0,2010-08-30/2010-09-05,
2010-09-12,0.2462500035762787,111.68000030517578,6976944436.0,2010-09-06/2010-09-12,
2010-09-19,0.2562499940395355,113.29000091552734,8507393724.0,2010-09-13/2010-09-19,
2010-09-26,0.26124998927116394,114.9000015258789,12515498952.0,2010-09-20/2010-09-26,
2010-09-30,0.23350000381469727,115.79000091552734,42149981460.0,,2010-09
2010-10-03,0.2815000116825104,115.79000091552734,10778909464.0,2010-09-27/2010-10-03,
2010-10-10,0.25949999690055847,116.86000061035156,9587173004.0,2010-10-04/2010-10-10,
2010-10-17,0.265749990940094,118.55000305175781,9743216624.0,2010-10-11/2010-10-17,
2010-10-24,0.27300000190734863,119.08999633789062,11938095988.0,2010-10-18/2010-10-24,
2010-10-31,0.2917500138282776,119.76000213623047,8589971368.0,2010-10-25/2010-10-31,
2010-10-31,0.25949999690055847,119.76000213623047,41922514484.0,,2010-10
2010-11-07,0.2985000014305115,122.91999816894531,8832929232.0,2010-11-01/2010-11-07,
2010-11-14,0.30674999952316284,122.94999694824219,10101870896.0,2010-11-08/2010-11-14,
2010-11-21,0.31450000405311584,121.05000305175781,9222162848.0,2010-11-15/2010-11-21,
2010-11-28,0.3334999978542328,120.23999786376953,5297027132.0,2010-11-22/2010-11-28,
2010-11-30,0.2985000014305115,122.94999694824219,37269029224.0,,2010-11
2010-12-05,0.33399999141693115,123.02999877929688,8904116488.0,2010-11-29/2010-12-05,
2010-12-12,0.36125001311302185,124.5999984741211,8849456440.0,2010-12-06/2010-12-12,
2010-12-19,0.35324999690055847,125.2300033569336,9179164360.0,2010-12-13/2010-12-19,
2010-12-26,0.35749998688697815,125.81999969482422,4827719856.0,2010-12-20/2010-12-26,
2010-12-31,0.3465000092983246,126.19999694824219,32863548992.0,,2010-12
2011-01-02,0.36524999141693115,126.19999694824219,4918130964.0,2010-12-27/2011-01-02,
2011-01-09,0.3855000138282776,127.83000183105469,13675746460.0,2011-01-03/2011-01-09,
2011-01-16,0.48399999737739563,129.3300018310547,16422171268.0,2011-01-10/2011-01-16,
2011-01-23,0.5447499752044678,129.63999938964844,12373971368.0,2011-01-17/2011-01-23,
2011-01-30,0.5745000243186951,130.35000610351562,12413472424.0,2011-01-24/2011-01-30,
2011-01-31,0.3855000138282776,130.35000610351562,56722946724.0,,2011-01
2011-02-06,0.5852500200271606,131.1999969482422,9560592428.0,2011-01-31/2011-02-06,
2011-02-13,0.559249997138977,133.27999877929688,11388705648.0,2011-02-07/2011-02-13,
2011-02-20,0.5612499713897705,134.69000244140625,14198331472.0,2011-02-14/2011-02-20,
2011-02-27,0.5444999933242798,134.55999755859375,10069263456.0,2011-02-21/2011-02-27,
2011-02-28,0.5444999933242798,134.69000244140625,45333546240.0,,2011-02
2011-03-06,0.5059999823570251,133.69000244140625,12032565492.0,2011-02-28/2011-03-06,
2011-03-13,0.4415000081062317,133.16000366210938,13854238752.0,2011-03-07/2011-03-13,
2011-03-20,0.42524999380111694,130.47999572753906,13987369476.0,2011-03-14/2011-03-20,
2011-03-27,0.4259999990463257,131.8699951171875,10231736756.0,2011-03-21/2011-03-27,
2011-03-31,0.42524999380111694,133.69000244140625,55915113740.0,,2011-03
2011-04-03,0.44874998927116394,133.77000427246094,9718823576.0,2011-03-28/2011-04-03,
2011-04-10,0.43274998664855957,134.0,9794583756.0,2011-04-04/2011-04-10,
2011-04-17,0.4207499921321869,133.4499969482422,9627096672.0,2011-04-11/2011-04-17,
2011-04-24,0.43825000524520874,133.83999633789062,7584926440.0,2011-04-18/2011-04-24,
2011-04-30,0.4207499921321869,136.57000732421875,38363901632.0,,2011-04
2011-05-01,0.4647499918937683,136.57000732421875,9401912892.0,2011-04-25/2011-05-01,
2011-05-08,0.45625001192092896,137.17999267578125,9163460856.0,2011-05-02/2011-05-08,
2011-05-15,0.453000009059906,136.11000061035156,10290842004.0,2011-05-09/2011-05-15,
2011-05-22,0.42800000309944153,135.02999877929688,9117826852.0,2011-05-16/2011-05-22,
2011-05-29,0.4399999976158142,133.8699951171875,7645974764.0,2011-05-23/2011-05-29,
2011-05-31,0.42800000309944153,137.17999267578125,38430656384.0,,2011-05
2011-06-05,0.45925000309944153,134.9199981689453,7422405652.0,2011-05-30/2011-06-05,
2011-06-12,0.41850000619888306,130.36000061035156,8527392116.0,2011-06-06/2011-06-12,
2011-06-19,0.382750004529953,129.77000427246094,10880964720.0,2011-06-13/2011-06-19,
2011-06-26,0.38499999046325684,129.80999755859375,9981651764.0,2011-06-20/2011-06-26,
2011-06-30,0.3714999854564667,134.9199981689453,42233318296.0,,2011-06
2011-07-03,0.3714999854564667,134.10000610351562,9323436784.0,2011-06-27/2011-07-03,
2011-07-10,0.3824999928474426,135.6999969482422,7297907380.0,2011-07-04/2011-07-10,
2011-07-17,0.3452500104904175,133.22000122070312,10303710108.0,2011-07-11/2011-07-17,
2011-07-24,0.34049999713897705,134.82000732421875,10751791648.0,2011-07-18/2011-07-24,
2011-07-31,0.3397499918937683,135.6999969482422,40144787480.0,,2011-07
2011-07-31,0.3397499918937683,134.49000549316406,10101397512.0,2011-07-25/2011-07-31,
2011-08-07,0.3149999976158142,130.9600067138672,14481845156.0,2011-08-01/2011-08-07,
2011-08-14,0.29624998569488525,120.12000274658203,18359723768.0,2011-08-08/2011-08-14,
2011-08-21,0.29124999046325684,121.19999694824219,12125831636.0,2011-08-15/2011-08-21,
2011-08-28,0.2952499985694885,119.4000015258789,11004724340.0,2011-08-22/2011-08-28,
2011-08-31,0.29124999046325684,130.9600067138672,61381175876.0,,2011-08
2011-09-04,0.320499986410141,123.51000213623047,8736400808.0,2011-08-29/2011-09-04,
2011-09-11,0.3095000088214874,120.94000244140625,8875131464.0,2011-09-05/2011-09-11,
2011-09-18,0.3422499895095825,121.97000122070312,12336461236.0,2011-09-12/2011-09-18,
2011-09-25,0.33125001192092896,121.98999786376953,14000564024.0,2011-09-19/2011-09-25,
2011-09-30,0.3095000088214874,123.4000015258789,51157177412.0,,2011-09
2011-10-02,0.3122499883174896,119.55999755859375,12617670856.0,2011-09-26/2011-10-02,
2011-10-09,0.2867499887943268,117.25,13491270700.0,2011-10-03/2011-10-09,
2011-10-16,0.35899999737739563,122.5999984741211,10423684564.0,2011-10-10/2011-10-16,
2011-10-23,0.34599998593330383,124.12000274658203,11064890080.0,2011-10-17/2011-10-23,
2011-10-30,0.35499998927116394,129.4199981689453,10044163248.0,2011-10-24/2011-10-30,
2011-10-31,0.2867499887943268,129.4199981689453,46706872480.0,,2011-10
2011-11-06,0.3382500112056732,128.6199951171875,9805759564.0,2011-10-31/2011-11-06,
2011-11-13,0.351749986410141,128.02000427246094,10601012472.0,2011-11-07/2011-11-13,
2011-11-20,0.34450000524520874,127.44999694824219,8286926132.0,2011-11-14/2011-11-20,
2011-11-27,0.3375000059604645,120.3499984741211,8190649408.0,2011-11-21/2011-11-27,
2011-11-30,0.3375000059604645,128.02000427246094,40552613880.0,,2011-11
2011-12-04,0.36250001192092896,126.5,8638761240.0,2011-11-28/2011-12-04,
2011-12-11,0.359499990940094,127.26000213623047,8099595576.0,2011-12-05/2011-12-11,
2011-12-18,0.335750013589859,125.56999969482422,8276243552.0,2011-12-12/2011-12-18,
2011-12-25,0.32774999737739563,126.43000030517578,6393263676.0,2011-12-19/2011-12-25,
2011-12-31,0.32774999737739563,127.26000213623047,29497694800.0,,2011-12
2012-01-01,0.3412500023841858,126.81999969482422,3440960948.0,2011-12-26/2012-01-01,
2012-01-08,0.3479999899864197,128.3800048828125,5698917248.0,2012-01-02/2012-01-08,
2012-01-15,0.34150001406669617,129.6999969482422,7280772272.0,2012-01-09/2012-01-15,
2012-01-22,0.3375000059604645,131.9499969482422,6823748496.0,2012-01-16/2012-01-22,
2012-01-29,0.3512499928474426,133.39999389648438,9596556396.0,2012-01-23/2012-01-29,
2012-01-31,0.3375000059604645,133.39999389648438,32275750096.0,,2012-01
2012-02-05,0.3607499897480011,134.6199951171875,7433394728.0,2012-01-30/2012-02-05,
2012-02-12,0.3865000009536743,135.58999633789062,7836711380.0,2012-02-06/2012-02-12,
2012-02-19,0.375,136.6300048828125,12136048764.0,2012-02-13/2012-02-19,
2012-02-26,0.38999998569488525,137.1999969482422,5776586764.0,2012-02-20/2012-02-26,
2012-02-29,0.3682500123977661,138.19000244140625,36210442016.0,,2012-02
2012-03-04,0.3785000145435333,138.19000244140625,9287170424.0,2012-02-27/2012-03-04,
2012-03-11,0.36149999499320984,137.92999267578125,8313231068.0,2012-03-05/2012-03-11,
2012-03-18,0.3580000102519989,140.77999877929688,9600159708.0,2012-03-12/2012-03-18,
2012-03-25,0.35600000619888306,141.27999877929688,7916930668.0,2012-03-19/2012-03-25,
2012-03-31,0.35600000619888306,141.8300018310547,37499171392.0,,2012-03
2012-04-01,0.36375001072883606,141.8300018310547,8285135588.0,2012-03-26/2012-04-01,
2012-04-08,0.36399999260902405,142.2100067138672,6754161184.0,2012-04-02/2012-04-08,
2012-04-15,0.35225000977516174,139.83999633789062,8518968916.0,2012-04-09/2012-04-15,
2012-04-22,0.33399999141693115,139.36000061035156,10381753060.0,2012-04-16/2012-04-22,
2012-04-29,0.3187499940395355,140.7899932861328,10195140724.0,2012-04-23/2012-04-29,
2012-04-30,0.3187499940395355,142.2100067138672,37210269392.0,,2012-04
2012-05-06,0.30649998784065247,141.66000366210938,7495232140.0,2012-04-30/2012-05-06,
2012-05-13,0.30300000309944153,137.55999755859375,8625345064.0,2012-05-07/2012-05-13,
2012-05-20,0.3005000054836273,135.61000061035156,8843020444.0,2012-05-14/2012-05-20,
2012-05-27,0.2957499921321869,133.22999572753906,7619535456.0,2012-05-21/2012-05-27,
2012-05-31,0.2957499921321869,141.66000366210938,35423215068.0,,2012-05
2012-06-03,0.29899999499320984,133.92999267578125,5786772856.0,2012-05-28/2012-06-03,
2012-06-10,0.29074999690055847,133.52999877929688,6810972408.0,2012-06-04/2012-06-10,
2012-06-17,0.29774999618530273,134.25999450683594,7484053376.0,2012-06-11/2012-06-17,
2012-06-24,0.30250000953674316,136.25,7818679740.0,2012-06-18/2012-06-24,
2012-06-30,0.29074999690055847,136.27000427246094,29950323928.0,,2012-06
2012-07-01,0.31200000643730164,136.27000427246094,6250173020.0,2012-06-25/2012-07-01,
2012-07-08,0.33125001192092896,137.8000030517578,4780430092.0,2012-07-02/2012-07-08,
2012-07-15,0.3072499930858612,136.22999572753906,6747359268.0,2012-07-09/2012-07-15,
2012-07-22,0.30399999022483826,138.17999267578125,6604982428.0,2012-07-16/2012-07-22,
2012-07-29,0.3082500100135803,139.07000732421875,7893638740.0,2012-07-23/2012-07-29,
2012-07-31,0.30399999022483826,139.33999633789062,28417089136.0,,2012-07
2012-08-05,0.32749998569488525,139.63999938964844,5878954532.0,2012-07-30/2012-08-05,
2012-08-12,0.34575000405311584,140.9199981689453,6401598148.0,2012-08-06/2012-08-12,
2012-08-19,0.36024999618530273,142.3000030517578,5883885672.0,2012-08-13/2012-08-19,
2012-08-26,0.35624998807907104,143.08999633789062,6388493788.0,2012-08-20/2012-08-26,
2012-08-31,0.32749998569488525,143.08999633789062,27248655768.0,,2012-08
2012-09-02,0.3472500145435333,142.0800018310547,5086402236.0,2012-08-27/2012-09-02,
2012-09-09,0.32374998927116394,144.38999938964844,5916667728.0,2012-09-03/2012-09-09,
2012-09-16,0.3305000066757202,148.11000061035156,7332139356.0,2012-09-10/2012-09-16,
2012-09-23,0.33250001072883606,147.19000244140625,6569661504.0,2012-09-17/2012-09-23,
2012-09-30,0.32374998927116394,148.11000061035156,27773677296.0,,2012-09
2012-09-30,0.3255000114440918,146.24000549316406,7955208708.0,2012-09-24/2012-09-30,
2012-10-07,0.3242500126361847,147.16000366210938,7257635836.0,2012-10-01/2012-10-07,
2012-10-14,0.3137499988079071,146.1199951171875,6942360908.0,2012-10-08/2012-10-14,
2012-10-21,0.3009999990463257,146.52000427246094,7755289808.0,2012-10-15/2012-10-21,
2012-10-28,0.2957499921321869,143.6699981689453,8755717276.0,2012-10-22/2012-10-28,
2012-10-31,0.2957499921321869,147.16000366210938,32101849448.0,,2012-10
2012-11-04,0.29875001311302185,143.72000122070312,4174580540.0,2012-10-29/2012-11-04,
2012-11-11,0.30375000834465027,143.52000427246094,8908225616.0,2012-11-05/2012-11-11,
2012-11-18,0.2787500023841858,139.49000549316406,8781115476.0,2012-11-12/2012-11-18,
2012-11-25,0.2842499911785126,141.39999389648438,5162448936.0,2012-11-19/2012-11-25,
2012-11-30,0.2787500023841858,143.72000122070312,33017292532.0,,2012-11
2012-12-02,0.29750001430511475,142.50999450683594,7381767584.0,2012-11-26/2012-12-02,
2012-12-09,0.29249998927116394,142.9499969482422,8594081272.0,2012-12-03/2012-12-09,
2012-12-16,0.2982499897480011,144.5500030517578,8135684588.0,2012-12-10/2012-12-16,
2012-12-23,0.30524998903274536,145.5800018310547,7554475324.0,2012-12-17/2012-12-23,
2012-12-30,0.3005000054836273,144.25,3520933092.0,2012-12-24/2012-12-30,
2012-12-31,0.29249998927116394,145.5800018310547,29307254880.0,,2012-12
2013-01-06,0.3007499873638153,147.58999633789062,5629350484.0,2012-12-31/2013-01-06,
2013-01-13,0.3022499978542328,153.60000610351562,7129106104.0,2013-01-07/2013-01-13,
2013-01-20,0.29774999618530273,152.58999633789062,7367887668.0,2013-01-14/2013-01-20,
2013-01-27,0.30000001192092896,151.47999572753906,7886829996.0,2013-01-21/2013-01-27,
2013-01-31,0.29774999618530273,153.60000610351562,32392563692.0,,2013-01
2013-02-03,0.304500013589859,151.4199981689453,7278080500.0,2013-01-28/2013-02-03,
2013-02-10,0.3017500042915344,153.35000610351562,7719507416.0,2013-02-04/2013-02-10,
2013-02-17,0.30125001072883606,154.7100067138672,7441706096.0,2013-02-11/2013-02-17,
2013-02-24,0.30649998784065247,155.58999633789062,5776132448.0,2013-02-18/2013-02-24,
2013-02-28,0.30125001072883606,155.58999633789062,28256136884.0,,2013-02
2013-03-03,0.30524998903274536,153.83999633789062,7314636052.0,2013-02-25/2013-03-03,
2013-03-10,0.31299999356269836,156.5,6233790808.0,2013-03-04/2013-03-10,
2013-03-17,0.3140000104904175,156.8000030517578,6453401692.0,2013-03-11/2013-03-17,
2013-03-24,0.3095000088214874,159.16000366210938,5852488656.0,2013-03-18/2013-03-24,
2013-03-31,0.30799999833106995,163.72999572753906,24430470844.0,,2013-03
2013-03-31,0.30799999833106995,163.72999572753906,4498334104.0,2013-03-25/2013-03-31,
2013-04-07,0.3009999990463257,166.1699981689453,6365102648.0,2013-04-01/2013-04-07,
2013-04-14,0.3050000071525574,175.49000549316406,6666540264.0,2013-04-08/2013-04-14,
2013-04-21,0.30924999713897705,173.0500030517578,7620608688.0,2013-04-15/2013-04-21,
2013-04-28,0.31150001287460327,171.5,7815134912.0,2013-04-22/2013-04-28,
2013-04-30,0.3009999990463257,175.49000549316406,31305356812.0,,2013-04
2013-05-05,0.33425000309944153,171.3800048828125,6418210864.0,2013-04-29/2013-05-05,
2013-05-12,0.33799999952316284,169.36000061035156,6620385024.0,2013-05-06/2013-05-12,
2013-05-19,0.3544999957084656,172.9199981689453,6433216688.0,2013-05-13/2013-05-19,
2013-05-26,0.35475000739097595,174.0,6096113872.0,2013-05-20/2013-05-26,
2013-05-31,0.33799999952316284,174.0,27415105308.0,,2013-05
2013-06-02,0.359499990940094,172.55999755859375,4685149160.0,2013-05-27/2013-06-02,
2013-06-09,0.3529999852180481,173.0500030517578,6207716308.0,2013-06-03/2013-06-09,
2013-06-16,0.3492499887943268,171.8699951171875,5273445996.0,2013-06-10/2013-06-16,
2013-06-23,0.3544999957084656,174.8800048828125,7517131864.0,2013-06-17/2013-06-23,
2013-06-30,0.34575000405311584,176.1300048828125,26201473576.0,,2013-06
2013-06-30,0.34575000405311584,176.1300048828125,7203179408.0,2013-06-24/2013-06-30,
2013-07-07,0.3490000069141388,176.74000549316406,3564884092.0,2013-07-01/2013-07-07,
2013-07-14,0.35225000977516174,180.69000244140625,4652633312.0,2013-07-08/2013-07-14,
2013-07-21,0.35225000977516174,182.89999389648438,4771736264.0,2013-07-15/2013-07-21,
2013-07-28,0.35225000977516174,180.75,5114957752.0,2013-07-22/2013-07-28,
2013-07-31,0.3490000069141388,182.89999389648438,20695347680.0,,2013-07
2013-08-04,0.35324999690055847,179.97999572753906,4264276968.0,2013-07-29/2013-08-04,
2013-08-11,0.3527500033378601,184.25,5022894932.0,2013-08-05/2013-08-11,
2013-08-18,0.32774999737739563,181.97000122070312,7354522068.0,2013-08-12/2013-08-18,
2013-08-25,0.37049999833106995,182.27999877929688,4850238272.0,2013-08-19/2013-08-25,
2013-08-31,0.32774999737739563,184.25,23905226116.0,,2013-08
2013-09-01,0.367000013589859,181.3000030517578,5004430136.0,2013-08-26/2013-09-01,
2013-09-08,0.36675000190734863,179.80999755859375,4067802532.0,2013-09-02/2013-09-08,
2013-09-15,0.37400001287460327,184.77999877929688,6183907652.0,2013-09-09/2013-09-15,
2013-09-22,0.39375001192092896,188.89999389648438,6099999048.0,2013-09-16/2013-09-22,
2013-09-29,0.38725000619888306,188.39999389648438,4862369924.0,2013-09-23/2013-09-29,
2013-09-30,0.36675000190734863,188.89999389648438,22103700860.0,,2013-09
2013-10-06,0.382750004529953,190.66000366210938,4890769900.0,2013-09-30/2013-10-06,
2013-10-13,0.3774999976158142,195.32000732421875,4855524288.0,2013-10-07/2013-10-13,
2013-10-20,0.3804999887943268,194.2100067138672,5080349756.0,2013-10-14/2013-10-20,
2013-10-27,0.37975001335144043,180.5,5950745392.0,2013-10-21/2013-10-27,
2013-10-31,0.375,195.32000732421875,24801832820.0,,2013-10
2013-11-03,0.375,183.38999938964844,5952613656.0,2013-10-28/2013-11-03,
2013-11-10,0.3630000054836273,185.66000366210938,5869383760.0,2013-11-04/2013-11-10,
2013-11-17,0.3867500126361847,185.50999450683594,4714976476.0,2013-11-11/2013-11-17,
2013-11-24,0.3787499964237213,186.10000610351562,3936549760.0,2013-11-18/2013-11-24,
2013-11-30,0.3630000054836273,186.10000610351562,19763188236.0,,2013-11
2013-12-01,0.37950000166893005,181.75,4203729772.0,2013-11-25/2013-12-01,
2013-12-08,0.3857499957084656,181.42999267578125,6274226664.0,2013-12-02/2013-12-08,
2013-12-15,0.375,181.6699981689453,5328982512.0,2013-12-09/2013-12-15,
2013-12-22,0.3725000023841858,181.99000549316406,5892585288.0,2013-12-16/2013-12-22,
2013-12-29,0.390749990940094,184.17999267578125,2838254468.0,2013-12-23/2013-12-29,
2013-12-31,0.3725000023841858,184.69000244140625,21851956272.0,,2013-12
2014-01-05,0.390500009059906,184.69000244140625,3346107416.0,2013-12-30/2014-01-05,
2014-01-12,0.38975000381469727,184.22000122070312,5170487304.0,2014-01-06/2014-01-12,
2014-01-19,0.38324999809265137,184.94000244140625,5050762124.0,2014-01-13/2014-01-19,
2014-01-26,0.3889999985694885,188.32000732421875,4687962884.0,2014-01-20/2014-01-26,
2014-01-31,0.38324999809265137,188.32000732421875,24527552232.0,,2014-01
2014-02-02,0.3842499852180481,185.4199981689453,7790139844.0,2014-01-27/2014-02-02,
2014-02-09,0.382999986410141,188.0,5855084268.0,2014-02-03/2014-02-09,
2014-02-16,0.3959999978542328,195.0,6549126256.0,2014-02-10/2014-02-16,
2014-02-23,0.4437499940395355,193.27999877929688,4484522576.0,2014-02-17/2014-02-23,
2014-02-28,0.382999986410141,199.5800018310547,22089173548.0,,2014-02
2014-03-02,0.45274999737739563,199.5800018310547,5200440448.0,2014-02-24/2014-03-02,
2014-03-09,0.445250004529953,203.5500030517578,4366508360.0,2014-03-03/2014-03-09,
2014-03-16,0.4390000104904175,200.75,4752171144.0,2014-03-10/2014-03-16,
2014-03-23,0.4449999928474426,205.8000030517578,4950529872.0,2014-03-17/2014-03-23,
2014-03-30,0.43974998593330383,210.99000549316406,5756234264.0,2014-03-24/2014-03-30,
2014-03-31,0.4390000104904175,210.99000549316406,20649905548.0,,2014-03
2014-04-06,0.445250004529953,218.6199951171875,5406784824.0,2014-03-31/2014-04-06,
2014-04-13,0.44699999690055847,187.1699981689453,6082443900.0,2014-04-07/2014-04-13,
2014-04-20,0.453000009059906,188.3000030517578,3759807200.0,2014-04-14/2014-04-20,
2014-04-27,0.4612500071525574,188.39999389648438,5352299300.0,2014-04-21/2014-04-27,
2014-04-30,0.44699999690055847,218.6199951171875,23367805816.0,,2014-04
2014-05-04,0.4580000042915344,189.13999938964844,5098369600.0,2014-04-28/2014-05-04,
2014-05-11,0.4427500069141388,189.0500030517578,5151113700.0,2014-05-05/2014-05-11,
2014-05-18,0.445499986410141,190.4199981689453,4064368900.0,2014-05-12/2014-05-18,
2014-05-25,0.4517500102519989,190.47999572753906,4024348200.0,2014-05-19/2014-05-25,
2014-05-31,0.4427500069141388,192.8000030517578,18439378900.0,,2014-05
2014-06-01,0.4634999930858612,192.8000030517578,3692111000.0,2014-05-26/2014-06-01,
2014-06-08,0.4652499854564667,195.42999267578125,4419988000.0,2014-06-02/2014-06-08,
2014-06-15,0.47200000286102295,196.0500030517578,4055296500.0,2014-06-09/2014-06-15,
2014-06-22,0.46950000524520874,196.60000610351562,4334048600.0,2014-06-16/2014-06-22,
2014-06-29,0.4557499885559082,196.5,3960118900.0,2014-06-23/2014-06-29,
2014-06-30,0.4557499885559082,196.60000610351562,17442450500.0,,2014-06
2014-07-06,0.45774999260902405,198.2899932861328,2475800100.0,2014-06-30/2014-07-06,
2014-07-13,0.45925000309944153,197.97999572753906,3782895600.0,2014-07-07/2014-07-13,
2014-07-20,0.46024999022483826,198.25999450683594,4906617400.0,2014-07-14/2014-07-20,
2014-07-27,0.4440000057220459,199.05999755859375,4380926200.0,2014-07-21/2014-07-27,
2014-07-31,0.43549999594688416,199.05999755859375,18341700400.0,,2014-07
2014-08-03,0.43549999594688416,198.4499969482422,4425177900.0,2014-07-28/2014-08-03,
2014-08-10,0.4334999918937683,194.3000030517578,4874073600.0,2014-08-04/2014-08-10,
2014-08-17,0.46700000762939453,196.64999389648438,3819893500.0,2014-08-11/2014-08-17,
2014-08-24,0.47325000166893005,199.75999450683594,3683304400.0,2014-08-18/2014-08-24,
2014-08-31,0.476749986410141,200.82000732421875,3326215900.0,2014-08-25/2014-08-31,
2014-08-31,0.4334999918937683,200.82000732421875,16660205700.0,,2014-08
2014-09-07,0.4830000102519989,201.5800018310547,3735368300.0,2014-09-01/2014-09-07,
2014-09-14,0.47749999165534973,201.2100067138672,4708544000.0,2014-09-08/2014-09-14,
2014-09-21,0.46875,201.89999389648438,5001554900.0,2014-09-15/2014-09-21,
2014-09-28,0.46175000071525574,200.3800048828125,4541169500.0,2014-09-22/2014-09-28,
2014-09-30,0.4555000066757202,201.89999389648438,19683047300.0,,2014-09
2014-10-05,0.4442499876022339,198.3000030517578,4279113600.0,2014-09-29/2014-10-05,
2014-10-12,0.42100000381469727,197.60000610351562,5008338600.0,2014-10-06/2014-10-12,
2014-10-19,0.4192500114440918,191.14999389648438,6456431800.0,2014-10-13/2014-10-19,
2014-10-26,0.4325000047683716,196.49000549316406,5192737900.0,2014-10-20/2014-10-26,
2014-10-31,0.4192500114440918,201.82000732421875,23075746300.0,,2014-10
2014-11-02,0.4567500054836273,201.82000732421875,3835535000.0,2014-10-27/2014-11-02,
2014-11-09,0.4897499978542328,203.60000610351562,4560321600.0,2014-11-03/2014-11-09,
2014-11-16,0.484499990940094,204.8300018310547,3674726400.0,2014-11-10/2014-11-16,
2014-11-23,0.4892500042915344,207.83999633789062,3715009400.0,2014-11-17/2014-11-23,
2014-11-30,0.5105000138282776,207.8699951171875,2583552100.0,2014-11-24/2014-11-30,
2014-11-30,0.484499990940094,207.8699951171875,14533609500.0,,2014-11
2014-12-07,0.5092499852180481,208.47000122070312,4143544400.0,2014-12-01/2014-12-07,
2014-12-14,0.49024999141693115,208.1199951171875,4361553500.0,2014-12-08/2014-12-14,
2014-12-21,0.47749999165534973,212.97000122070312,5731414500.0,2014-12-15/2014-12-21,
2014-12-28,0.5082499980926514,208.85000610351562,2056165200.0,2014-12-22/2014-12-28,
2014-12-31,0.47749999165534973,212.97000122070312,18115375500.0,,2014-12
2015-01-04,0.49524998664855957,208.97000122070312,2571498700.0,2014-12-29/2015-01-04,
2015-01-11,0.47699999809265137,206.4199981689453,4692921700.0,2015-01-05/2015-01-11,
2015-01-18,0.48500001430511475,205.47999572753906,5101604300.0,2015-01-12/2015-01-18,
2015-01-25,0.49424999952316284,206.25999450683594,3356133500.0,2015-01-19/2015-01-25,
2015-01-31,0.47699999809265137,206.8800048828125,20163543800.0,,2015-01
2015-02-01,0.4792500138282776,205.55999755859375,6264083500.0,2015-01-26/2015-02-01,
2015-02-08,0.47350001335144043,207.24000549316406,4813188900.0,2015-02-02/2015-02-08,
2015-02-15,0.5037500262260437,209.83999633789062,5276497800.0,2015-02-09/2015-02-15,
2015-02-22,0.550000011920929,211.3300018310547,2933631100.0,2015-02-16/2015-02-22,
2015-02-28,0.47350001335144043,212.24000549316406,16874406900.0,,2015-02
2015-03-01,0.5490000247955322,212.24000549316406,3851089100.0,2015-02-23/2015-03-01,
2015-03-08,0.5492500066757202,212.05999755859375,4272019000.0,2015-03-02/2015-03-08,
2015-03-15,0.5559999942779541,208.7899932861328,5193505900.0,2015-03-09/2015-03-15,
2015-03-22,0.5665000081062317,211.27000427246094,4718102700.0,2015-03-16/2015-03-22,
2015-03-29,0.5115000009536743,211.11000061035156,4617572600.0,2015-03-23/2015-03-29,
2015-03-31,0.5115000009536743,212.05999755859375,20394549200.0,,2015-03
2015-04-05,0.5162500143051147,208.61000061035156,3077981300.0,2015-03-30/2015-04-05,
2015-04-12,0.518750011920929,210.08999633789062,4144376000.0,2015-04-06/2015-04-12,
2015-04-19,0.5502499938011169,211.0399932861328,3718352200.0,2015-04-13/2015-04-19,
2015-04-26,0.5412499904632568,211.97000122070312,4361834500.0,2015-04-20/2015-04-26,
2015-04-30,0.5162500143051147,212.47999572753906,17771892700.0,,2015-04
2015-05-03,0.5477499961853027,212.47999572753906,4919746700.0,2015-04-27/2015-05-03,
2015-05-10,0.5122500061988831,212.02000427246094,5446711800.0,2015-05-04/2015-05-10,
2015-05-17,0.5095000267028809,212.61000061035156,4187584000.0,2015-05-11/2015-05-17,
2015-05-24,0.5202500224113464,213.77999877929688,3477362300.0,2015-05-18/2015-05-24,
2015-05-31,0.5095000267028809,213.77999877929688,17380590500.0,,2015-05
2015-05-31,0.5142499804496765,212.97999572753906,3411883400.0,2015-05-25/2015-05-31,
2015-06-07,0.5392500162124634,212.6699981689453,3838332300.0,2015-06-01/2015-06-07,
2015-06-14,0.5264999866485596,212.08999633789062,4649290700.0,2015-06-08/2015-06-14,
2015-06-21,0.5205000042915344,213.33999633789062,4120570400.0,2015-06-15/2015-06-21,
2015-06-28,0.5162500143051147,212.58999633789062,4622547100.0,2015-06-22/2015-06-28,
2015-06-30,0.49924999475479126,213.33999633789062,19145044200.0,,2015-06
2015-07-05,0.49924999475479126,209.8300018310547,3216908300.0,2015-06-29/2015-07-05,
2015-07-12,0.4790000021457672,208.1699981689453,4751175500.0,2015-07-06/2015-07-12,
2015-07-19,0.4892500042915344,212.5500030517578,4362285800.0,2015-07-13/2015-07-19,
2015-07-26,0.4792500138282776,213.17999267578125,4978012300.0,2015-07-20/2015-07-26,
2015-07-31,0.47725000977516174,213.17999267578125,19121769000.0,,2015-07
2015-08-02,0.47725000977516174,211.4499969482422,3727690800.0,2015-07-27/2015-08-02,
2015-08-09,0.4962500035762787,211.30999755859375,6265714600.0,2015-08-03/2015-08-09,
2015-08-16,0.5669999718666077,210.6699981689453,5224389100.0,2015-08-10/2015-08-16,
2015-08-23,0.5362499952316284,210.67999267578125,5171604000.0,2015-08-17/2015-08-23,
2015-08-30,0.5,204.3000030517578,8404637800.0,2015-08-24/2015-08-30,
2015-08-31,0.4962500035762787,211.30999755859375,25921181300.0,,2015-08
2015-09-06,0.5350000262260437,208.58999633789062,4933931400.0,2015-08-31/2015-09-06,
2015-09-13,0.550000011920929,209.7899932861328,3889944700.0,2015-09-07/2015-09-13,
2015-09-20,0.5642499923706055,218.3800048828125,4709271000.0,2015-09-14/2015-09-20,
2015-09-27,0.5625,222.6300048828125,4312230800.0,2015-09-21/2015-09-27,
2015-09-30,0.5350000262260437,222.75,20456664600.0,,2015-09
2015-10-04,0.5787500143051147,222.75,5756442700.0,2015-09-28/2015-10-04,
2015-10-11,0.6207500100135803,224.1999969482422,5165078600.0,2015-10-05/2015-10-11,
2015-10-18,0.6477500200271606,212.82000732421875,4778966100.0,2015-10-12/2015-10-18,
2015-10-25,0.6840000152587891,214.92999267578125,4991213300.0,2015-10-19/2015-10-25,
2015-10-31,0.5867499709129333,224.1999969482422,22472957200.0,,2015-10
2015-11-01,0.690750002861023,218.77000427246094,5247379000.0,2015-10-26/2015-11-01,
2015-11-08,0.690750002861023,211.66000366210938,6114509900.0,2015-11-02/2015-11-08,
2015-11-15,0.7412499785423279,209.49000549316406,5349777100.0,2015-11-09/2015-11-15,
2015-11-22,0.7487499713897705,210.1199951171875,4401185400.0,2015-11-16/2015-11-22,
2015-11-29,0.7695000171661377,209.97999572753906,2354562800.0,2015-11-23/2015-11-29,
2015-11-30,0.690750002861023,211.66000366210938,19143671900.0,,2015-11
2015-12-06,0.7847499847412109,211.0,5129565800.0,2015-11-30/2015-12-06,
2015-12-13,0.809249997138977,209.72999572753906,4472578700.0,2015-12-07/2015-12-13,
2015-12-20,0.8025000095367432,208.47999572753906,5463440200.0,2015-12-14/2015-12-20,
2015-12-27,0.8050000071525574,206.3300018310547,2465028300.0,2015-12-21/2015-12-27,
2015-12-31,0.7992500066757202,211.0,19185057100.0,,2015-12
2016-01-03,0.8090000152587891,207.7899932861328,2578080800.0,2015-12-28/2016-01-03,
2016-01-10,0.7392500042915344,209.69000244140625,6860419900.0,2016-01-04/2016-01-10,
2016-01-17,0.6660000085830688,211.60000610351562,7572446500.0,2016-01-11/2016-01-17,
2016-01-24,0.6612499952316284,215.27999877929688,5285831700.0,2016-01-18/2016-01-24,
2016-01-31,0.6612499952316284,231.33999633789062,25617160800.0,,2016-01
2016-01-31,0.6875,231.33999633789062,5898462700.0,2016-01-25/2016-01-31,
2016-02-07,0.6587499976158142,240.89999389648438,6539272500.0,2016-02-01/2016-02-07,
2016-02-14,0.6187499761581421,233.0,5951856800.0,2016-02-08/2016-02-14,
2016-02-21,0.6504999995231628,241.2100067138672,5272769900.0,2016-02-15/2016-02-21,
2016-02-28,0.7649999856948853,238.4600067138672,4757408800.0,2016-02-22/2016-02-28,
2016-02-29,0.6187499761581421,241.2100067138672,23377155100.0,,2016-02
2016-03-06,0.7835000157356262,245.19000244140625,4290236600.0,2016-02-29/2016-03-06,
2016-03-13,0.7760000228881836,239.0,5253774500.0,2016-03-07/2016-03-13,
2016-03-20,0.7892500162124634,247.64999389648438,4890853100.0,2016-03-14/2016-03-20,
2016-03-27,0.8287500143051147,250.14999389648438,3621414000.0,2016-03-21/2016-03-27,
2016-03-31,0.7760000228881836,250.14999389648438,20393228200.0,,2016-03
2016-04-03,0.859499990940094,246.91000366210938,4024065100.0,2016-03-28/2016-04-03,
2016-04-10,0.8657500147819519,242.4199981689453,4065484900.0,2016-04-04/2016-04-10,
2016-04-17,0.8784999847412109,255.85000610351562,4723733800.0,2016-04-11/2016-04-17,
2016-04-24,0.9020000100135803,278.8900146484375,4428829100.0,2016-04-18/2016-04-24,
2016-04-30,0.8657500147819519,278.8900146484375,19053529700.0,,2016-04
2016-05-01,0.8784999847412109,267.9100036621094,5004213900.0,2016-04-25/2016-05-01,
2016-05-08,0.8600000143051147,304.6700134277344,5107921000.0,2016-05-02/2016-05-08,
2016-05-15,0.8732500076293945,303.6000061035156,7054033600.0,2016-05-09/2016-05-15,
2016-05-22,1.0134999752044678,297.6000061035156,5856817100.0,2016-05-16/2016-05-22,
2016-05-29,1.1032500267028809,276.6400146484375,4726204000.0,2016-05-23/2016-05-29,
2016-05-31,0.8600000143051147,304.6700134277344,23943442200.0,,2016-05
2016-06-05,1.1414999961853027,259.20001220703125,4238247800.0,2016-05-30/2016-06-05,
2016-06-12,1.1449999809265137,266.0799865722656,3769778400.0,2016-06-06/2016-06-12,
2016-06-19,1.1540000438690186,268.3299865722656,4620454600.0,2016-06-13/2016-06-19,
2016-06-26,1.1325000524520874,280.17999267578125,5111415400.0,2016-06-20/2016-06-26,
2016-06-30,1.1142499446868896,280.17999267578125,20569181700.0,,2016-06
2016-07-03,1.1142499446868896,283.04998779296875,4681727400.0,2016-06-27/2016-07-03,
2016-07-10,1.1507500410079956,285.239990234375,3407977100.0,2016-07-04/2016-07-10,
2016-07-17,1.2879999876022339,283.6000061035156,4408350900.0,2016-07-11/2016-07-17,
2016-07-24,1.3192499876022339,297.3800048828125,3963983000.0,2016-07-18/2016-07-24,
2016-07-31,1.1507500410079956,297.3800048828125,17342093400.0,,2016-07
2016-07-31,1.36899995803833,279.75,4907807000.0,2016-07-25/2016-07-31,
2016-08-07,1.3875000476837158,277.82000732421875,4013756200.0,2016-08-01/2016-08-07,
2016-08-14,1.4529999494552612,291.7799987792969,4953353800.0,2016-08-08/2016-08-14,
2016-08-21,1.5164999961853027,288.489990234375,4098523700.0,2016-08-15/2016-08-21,
2016-08-28,1.5190000534057617,278.7300109863281,3702634800.0,2016-08-22/2016-08-28,
2016-08-31,1.3875000476837158,291.7799987792969,19006058200.0,,2016-08
2016-09-04,1.5290000438690186,280.44000244140625,3833066000.0,2016-08-29/2016-09-04,
2016-09-11,1.475000023841858,280.510009765625,3780813200.0,2016-09-05/2016-09-11,
2016-09-18,1.4329999685287476,277.0899963378906,6380600300.0,2016-09-12/2016-09-18,
2016-09-25,1.56850004196167,268.95001220703125,4104010200.0,2016-09-19/2016-09-25,
2016-09-30,1.4329999685287476,280.510009765625,20673338700.0,,2016-09
2016-10-02,1.5882500410079956,278.4700012207031,4812638700.0,2016-09-26/2016-10-02,
2016-10-09,1.656499981880188,286.7900085449219,3986851900.0,2016-10-03/2016-10-09,
2016-10-16,1.5924999713897705,269.20001220703125,4517202700.0,2016-10-10/2016-10-16,
2016-10-23,1.6380000114440918,273.79998779296875,3622700600.0,2016-10-17/2016-10-23,
2016-10-30,1.6997499465942383,276.6000061035156,4791535400.0,2016-10-24/2016-10-30,
2016-10-31,1.5924999713897705,286.7900085449219,17646950700.0,,2016-10
2016-11-06,1.6644999980926514,267.4599914550781,4709460100.0,2016-10-31/2016-11-06,
2016-11-13,1.6690000295639038,266.7099914550781,8051300500.0,2016-11-07/2016-11-13,
2016-11-20,2.0905001163482666,277.8999938964844,7286930100.0,2016-11-14/2016-11-20,
2016-11-27,2.309499979019165,292.79998779296875,3718765700.0,2016-11-21/2016-11-27,
2016-11-30,1.6644999980926514,299.7099914550781,25967984400.0,,2016-11
2016-12-04,2.1192500591278076,299.7099914550781,5762964800.0,2016-11-28/2016-12-04,
2016-12-11,2.2249999046325684,310.7699890136719,4830123800.0,2016-12-05/2016-12-11,
2016-12-18,2.188499927520752,315.8800048828125,7115472900.0,2016-12-12/2016-12-18,
2016-12-25,2.4749999046325684,314.42999267578125,6256695900.0,2016-12-19/2016-12-25,
2016-12-31,2.1192500591278076,315.8800048828125,29706071100.0,,2016-12
2017-01-01,2.569999933242798,305.1000061035156,8671001800.0,2016-12-26/2017-01-01,
2017-01-08,2.484499931335449,331.80999755859375,6966612600.0,2017-01-02/2017-01-08,
2017-01-15,2.5404999256134033,329.82000732421875,5841823100.0,2017-01-09/2017-01-15,
2017-01-22,2.477750062942505,322.94000244140625,4395610600.0,2017-01-16/2017-01-22,
2017-01-29,2.5924999713897705,316.8500061035156,4561294900.0,2017-01-23/2017-01-29,
2017-01-31,2.477750062942505,331.80999755859375,23690865800.0,,2017-01
2017-02-05,2.6977500915527344,329.8299865722656,5488314300.0,2017-01-30/2017-02-05,
2017-02-12,2.815000057220459,333.7799987792969,6279673000.0,2017-02-06/2017-02-12,
2017-02-19,2.6197500228881836,338.29998779296875,5834492800.0,2017-02-13/2017-02-19,
2017-02-26,2.3924999237060547,339.9200134277344,5498724100.0,2017-02-20/2017-02-26,
2017-02-28,2.3924999237060547,339.9200134277344,23393487100.0,,2017-02
2017-03-05,2.4054999351501465,343.4200134277344,5732414300.0,2017-02-27/2017-03-05,
2017-03-12,2.3792500495910645,358.1400146484375,4922036000.0,2017-03-06/2017-03-12,
2017-03-19,2.4877500534057617,358.7900085449219,5519692100.0,2017-03-13/2017-03-19,
2017-03-26,2.632499933242798,358.489990234375,5407848000.0,2017-03-20/2017-03-26,
2017-03-31,2.3792500495910645,358.7900085449219,23601368500.0,,2017-03
2017-04-02,2.5894999504089355,351.5400085449219,4237185600.0,2017-03-27/2017-04-02,
2017-04-09,2.460249900817871,377.54998779296875,5774518100.0,2017-04-03/2017-04-09,
2017-04-16,2.3872499465942383,360.7300109863281,3896820900.0,2017-04-10/2017-04-16,
2017-04-23,2.3949999809265137,365.7799987792969,3768806600.0,2017-04-17/2017-04-23,
2017-04-30,2.5527501106262207,366.95001220703125,4173252900.0,2017-04-24/2017-04-30,
2017-04-30,2.3872499465942383,377.54998779296875,17613398500.0,,2017-04
2017-05-07,2.563999891281128,370.8599853515625,4189283300.0,2017-05-01/2017-05-07,
2017-05-14,2.5577499866485596,384.3299865722656,8437539600.0,2017-05-08/2017-05-14,
2017-05-21,3.1762499809265137,382.9599914550781,8178361400.0,2017-05-15/2017-05-21,
2017-05-28,3.3927500247955322,383.7900085449219,5833307700.0,2017-05-22/2017-05-28,
2017-05-31,2.5577499866485596,384.3299865722656,29879384700.0,,2017-05
2017-06-04,3.5512499809265137,371.4100036621094,5220824900.0,2017-05-29/2017-06-04,
2017-06-11,3.5627501010894775,355.1499938964844,9462815200.0,2017-06-05/2017-06-11,
2017-06-18,3.5527501106262207,345.0199890136719,9731087600.0,2017-06-12/2017-06-18,
2017-06-25,3.8304998874664307,338.8399963378906,6143362400.0,2017-06-19/2017-06-25,
2017-06-30,3.5527501106262207,360.0400085449219,34712555100.0,,2017-06
2017-07-02,3.5875000953674316,343.9800109863281,7395357700.0,2017-06-26/2017-07-02,
2017-07-09,3.4644999504089355,342.30999755859375,4444695600.0,2017-07-03/2017-07-09,
2017-07-16,3.7170000076293945,334.7900085449219,7182924300.0,2017-07-10/2017-07-16,
2017-07-23,4.03249979019165,346.7900085449219,6124946500.0,2017-07-17/2017-07-23,
2017-07-30,3.938999891281128,353.6499938964844,5938673800.0,2017-07-24/2017-07-30,
2017-07-31,3.4644999504089355,353.6499938964844,24792741400.0,,2017-07
2017-08-06,4.015500068664551,353.8299865722656,5247535600.0,2017-07-31/2017-08-06,
2017-08-13,3.8227500915527344,341.7799987792969,8113352800.0,2017-08-07/2017-08-13,
2017-08-20,3.9800000190734863,332.75,7095094000.0,2017-08-14/2017-08-20,
2017-08-27,3.9342501163482666,342.1099853515625,5379951600.0,2017-08-21/2017-08-27,
2017-08-31,3.8227500915527344,353.8299865722656,28802116500.0,,2017-08
2017-09-03,4.05649995803833,344.4599914550781,5472192100.0,2017-08-28/2017-09-03,
2017-09-10,4.067749977111816,352.7099914550781,5611530700.0,2017-09-04/2017-09-10,
2017-09-17,4.132999897003174,347.2300109863281,6750278000.0,2017-09-11/2017-09-17,
2017-09-24,4.440249919891357,339.1700134277344,7845416100.0,2017-09-18/2017-09-24,
2017-09-30,4.067749977111816,352.7099914550781,28586350200.0,,2017-09
2017-10-01,4.254000186920166,335.6300048828125,6974617000.0,2017-09-25/2017-10-01,
2017-10-08,4.425000190734863,318.30999755859375,4739302000.0,2017-10-02/2017-10-08,
2017-10-15,4.550749778747559,328.0,6052536100.0,2017-10-09/2017-10-15,
2017-10-22,4.81125020980835,257.1400146484375,6249624300.0,2017-10-16/2017-10-22,
2017-10-29,4.779250144958496,257.8900146484375,6076528900.0,2017-10-23/2017-10-29,
2017-10-31,4.425000190734863,328.0,25389470800.0,,2017-10
2017-11-05,5.0304999351501465,258.5,5590633300.0,2017-10-30/2017-11-05,
2017-11-12,5.009250164031982,259.3500061035156,6618450200.0,2017-11-06/2017-11-12,
2017-11-19,5.195000171661377,259.0400085449219,5479076700.0,2017-11-13/2017-11-19,
2017-11-26,5.262499809265137,260.4800109863281,3312270100.0,2017-11-20/2017-11-26,
2017-11-30,4.780749797821045,266.04998779296875,25127348500.0,,2017-11
2017-12-03,4.780749797821045,266.04998779296875,8018443200.0,2017-11-27/2017-12-03,
2017-12-10,4.514500141143799,266.79998779296875,6618939400.0,2017-12-04/2017-12-10,
2017-12-17,4.614999771118164,267.55999755859375,5465613800.0,2017-12-11/2017-12-17,
2017-12-24,4.78125,268.6000061035156,4131825800.0,2017-12-18/2017-12-24,
2017-12-31,4.795499801635742,268.54998779296875,3008618600.0,2017-12-25/2017-12-31,
2017-12-31,4.514500141143799,268.6000061035156,20845043100.0,,2017-12
2018-01-07,4.862500190734863,273.55999755859375,4438174000.0,2018-01-01/2018-01-07,
2018-01-14,5.400000095367432,278.1099853515625,5629660100.0,2018-01-08/2018-01-14,
2018-01-21,5.417250156402588,280.4100036621094,4854098200.0,2018-01-15/2018-01-21,
2018-01-28,5.702499866485596,286.6300048828125,5540220600.0,2018-01-22/2018-01-28,
2018-01-31,4.862500190734863,286.80999755859375,24075603500.0,,2018-01
2018-02-04,5.779250144958496,286.80999755859375,6911730100.0,2018-01-29/2018-02-04,
2018-02-11,5.099999904632568,275.8500061035156,11872276300.0,2018-02-05/2018-02-11,
2018-02-18,5.6257500648498535,281.9599914550781,8000852800.0,2018-02-12/2018-02-18,
2018-02-25,5.987500190734863,286.6400146484375,5386812200.0,2018-02-19/2018-02-25,
2018-02-28,5.099999904632568,297.3599853515625,32175585300.0,,2018-02
2018-03-04,5.546249866485596,301.17999267578125,7071250500.0,2018-02-26/2018-03-04,
2018-03-11,5.73799991607666,331.44000244140625,5430090000.0,2018-03-05/2018-03-11,
2018-03-18,6.151000022888184,333.9800109863281,5753496900.0,2018-03-12/2018-03-18,
2018-03-25,5.813000202178955,319.5,6713167900.0,2018-03-19/2018-03-25,
2018-03-31,5.425000190734863,333.9800109863281,28838749300.0,,2018-03
2018-04-01,5.425000190734863,322.8999938964844,7488108500.0,2018-03-26/2018-04-01,
2018-04-08,5.326749801635742,299.1600036621094,8153280900.0,2018-04-02/2018-04-08,
2018-04-15,5.364999771118164,317.489990234375,6208463400.0,2018-04-09/2018-04-15,
2018-04-22,5.670000076293945,338.82000732421875,5329797500.0,2018-04-16/2018-04-22,
2018-04-29,5.257500171661377,331.2200012207031,6188201600.0,2018-04-23/2018-04-29,
2018-04-30,5.257500171661377,338.82000732421875,26881380200.0,,2018-04
2018-05-06,5.554999828338623,320.9800109863281,4926859100.0,2018-04-30/2018-05-06,
2018-05-13,6.072249889373779,332.05999755859375,6439280500.0,2018-05-07/2018-05-13,
2018-05-20,6.037499904632568,330.5,5032794800.0,2018-05-14/2018-05-20,
2018-05-27,6.006249904632568,354.3599853515625,4300509600.0,2018-05-21/2018-05-27,
2018-05-31,5.554999828338623,356.1000061035156,22295870100.0,,2018-05
2018-06-03,6.167500019073486,359.989990234375,3472927000.0,2018-05-28/2018-06-03,
2018-06-10,6.442500114440918,369.8299865722656,4329600300.0,2018-06-04/2018-06-10,
2018-06-17,6.491499900817871,398.8599853515625,4060811900.0,2018-06-11/2018-06-17,
2018-06-24,6.2582502365112305,423.2099914550781,4597279900.0,2018-06-18/2018-06-24,
2018-06-30,5.875249862670898,423.2099914550781,19009547900.0,,2018-06
2018-07-01,5.875249862670898,411.5899963378906,5146991700.0,2018-06-25/2018-07-01,
2018-07-08,5.831500053405762,408.6499938964844,2851529100.0,2018-07-02/2018-07-08,
2018-07-15,6.151750087738037,419.7699890136719,4394190100.0,2018-07-09/2018-07-15,
2018-07-22,6.129499912261963,403.3599853515625,4040257000.0,2018-07-16/2018-07-22,
2018-07-29,6.081999778747559,367.3999938964844,5121798800.0,2018-07-23/2018-07-29,
2018-07-31,5.831500053405762,419.7699890136719,18076444700.0,,2018-07
2018-08-05,6.030250072479248,352.0299987792969,4140291000.0,2018-07-30/2018-08-05,
2018-08-12,6.24275016784668,357.30999755859375,3483048100.0,2018-08-06/2018-08-12,
2018-08-19,6.093249797821045,347.19000244140625,5944882600.0,2018-08-13/2018-08-19,
2018-08-26,5.9679999351501465,359.1499938964844,5445051800.0,2018-08-20/2018-08-26,
2018-08-31,5.9679999351501465,376.80999755859375,21804540700.0,,2018-08
2018-09-02,6.738249778747559,376.80999755859375,4459936900.0,2018-08-27/2018-09-02,
2018-09-09,6.679749965667725,368.8800048828125,3401868900.0,2018-09-03/2018-09-09,
2018-09-16,6.547999858856201,374.0899963378906,3915340600.0,2018-09-10/2018-09-16,
2018-09-23,6.552750110626221,377.6099853515625,4347561400.0,2018-09-17/2018-09-23,
2018-09-30,6.4670000076293945,383.20001220703125,15805045700.0,,2018-09
2018-09-30,6.4670000076293945,383.20001220703125,4140274800.0,2018-09-24/2018-09-30,
2018-10-07,6.688499927520752,386.79998779296875,4988165100.0,2018-10-01/2018-10-07,
2018-10-14,5.856500148773193,358.7200012207031,6851809400.0,2018-10-08/2018-10-14,
2018-10-21,5.692500114440918,380.0,5387035400.0,2018-10-15/2018-10-21,
2018-10-28,4.828000068664551,336.5799865722656,7167130900.0,2018-10-22/2018-10-28,
2018-10-31,4.40024995803833,386.79998779296875,29238346900.0,,2018-10
2018-11-04,4.40024995803833,321.8800048828125,7462363700.0,2018-10-29/2018-11-04,
2018-11-11,5.026000022888184,332.04998779296875,4904489300.0,2018-11-05/2018-11-11,
2018-11-18,4.040249824523926,303.54998779296875,7956823300.0,2018-11-12/2018-11-18,
2018-11-25,3.332750082015991,285.0899963378906,7325409800.0,2018-11-19/2018-11-25,
2018-11-30,3.332750082015991,332.04998779296875,29479033000.0,,2018-11
2018-12-02,3.6640000343322754,290.80999755859375,6674153000.0,2018-11-26/2018-12-02,
2018-12-09,3.640500068664551,298.7200012207031,5869443900.0,2018-12-03/2018-12-09,
2018-12-16,3.620500087738037,281.7699890136719,6136178500.0,2018-12-10/2018-12-16,
2018-12-23,3.2114999294281006,280.8699951171875,8085303100.0,2018-12-17/2018-12-23,
2018-12-30,3.1115000247955322,261.9100036621094,5450372100.0,2018-12-24/2018-12-30,
2018-12-31,3.1115000247955322,298.7200012207031,26603968600.0,,2018-12
2019-01-06,3.1922500133514404,297.79998779296875,5109727800.0,2018-12-31/2019-01-06,
2019-01-13,3.410749912261963,341.0899963378906,6468500100.0,2019-01-07/2019-01-13,
2019-01-20,3.64424991607666,358.8500061035156,5469088200.0,2019-01-14/2019-01-20,
2019-01-27,3.6887500286102295,340.0,5031686200.0,2019-01-21/2019-01-27,
2019-01-31,3.1922500133514404,358.8500061035156,28859208100.0,,2019-01
2019-02-03,3.2750000953674316,346.8399963378906,9074533100.0,2019-01-28/2019-02-03,
2019-02-10,3.603250026702881,360.0,5266743300.0,2019-02-04/2019-02-10,
2019-02-17,3.612499952316284,364.3999938964844,6030782800.0,2019-02-11/2019-02-17,
2019-02-24,3.879499912261963,366.7099914550781,3343116900.0,2019-02-18/2019-02-24,
2019-02-28,3.564500093460083,371.489990234375,19344677400.0,,2019-02
2019-03-03,3.8277499675750732,371.489990234375,4247788200.0,2019-02-25/2019-03-03,
2019-03-10,3.619999885559082,362.8599853515625,4272138200.0,2019-03-04/2019-03-10,
2019-03-17,3.7422499656677246,364.0,5568173600.0,2019-03-11/2019-03-17,
2019-03-24,4.196499824523926,379.0,6260476800.0,2019-03-18/2019-03-24,
2019-03-31,3.619999885559082,379.0,21640745300.0,,2019-03
2019-03-31,4.277750015258789,368.3800048828125,4764546600.0,2019-03-25/2019-03-31,
2019-04-07,4.509250164031982,373.4100036621094,4466857000.0,2019-04-01/2019-04-07,
2019-04-14,4.689000129699707,370.1199951171875,3919493400.0,2019-04-08/2019-04-14,
2019-04-21,4.577499866485596,368.760009765625,2983306300.0,2019-04-15/2019-04-21,
2019-04-28,4.332499980926514,384.79998779296875,4192229900.0,2019-04-22/2019-04-28,
2019-04-30,4.332499980926514,384.79998779296875,17303651800.0,,2019-04
2019-05-05,4.387499809265137,385.989990234375,4320208500.0,2019-04-29/2019-05-05,
2019-05-12,4.099999904632568,381.3500061035156,5172327900.0,2019-05-06/2019-05-12,
2019-05-19,3.873500108718872,364.0,5938653900.0,2019-05-13/2019-05-19,
2019-05-26,3.621999979019165,370.4599914550781,4125552900.0,2019-05-20/2019-05-26,
2019-05-31,3.3847498893737793,385.989990234375,21487379600.0,,2019-05
2019-06-02,3.3847498893737793,364.9800109863281,3672401600.0,2019-05-27/2019-06-02,
2019-06-09,3.315000057220459,403.25,5135917700.0,2019-06-03/2019-06-09,
2019-06-16,3.571000099182129,414.4966735839844,3832584700.0,2019-06-10/2019-06-16,
2019-06-23,3.591249942779541,371.45001220703125,4167186000.0,2019-06-17/2019-06-23,
2019-06-30,3.315000057220459,414.4966735839844,17016676900.0,,2019-06
2019-06-30,3.7679998874664307,400.6499938964844,3880988500.0,2019-06-24/2019-06-30,
2019-07-07,3.941999912261963,389.3333435058594,3007698000.0,2019-07-01/2019-07-07,
2019-07-14,3.875,390.9466552734375,4191303900.0,2019-07-08/2019-07-14,
2019-07-21,4.120999813079834,373.67999267578125,3378204500.0,2019-07-15/2019-07-21,
2019-07-28,4.224999904632568,338.1000061035156,3638830300.0,2019-07-22/2019-07-28,
2019-07-31,3.875,390.9466552734375,16468477200.0,,2019-07
2019-08-04,3.9820001125335693,373.0,4250808800.0,2019-07-29/2019-08-04,
2019-08-11,3.7225000858306885,402.6666564941406,4575968500.0,2019-08-05/2019-08-11,
2019-08-18,3.6847500801086426,371.61334228515625,4889233400.0,2019-08-12/2019-08-18,
2019-08-25,4.040999889373779,371.8666687011719,4554744500.0,2019-08-19/2019-08-25,
2019-08-31,3.6847500801086426,402.6666564941406,19539004600.0,,2019-08
2019-09-01,3.9749999046325684,354.9599914550781,3520689900.0,2019-08-26/2019-09-01,
2019-09-08,4.081250190734863,359.0,3065385300.0,2019-09-02/2019-09-08,
2019-09-15,4.469749927520752,361.8999938964844,3794430200.0,2019-09-09/2019-09-15,
2019-09-22,4.307000160217285,372.94000244140625,3270319700.0,2019-09-16/2019-09-22,
2019-09-29,4.232999801635742,384.3599853515625,3513533700.0,2019-09-23/2019-09-29,
2019-09-30,4.081250190734863,390.3500061035156,14190356200.0,,2019-09
2019-10-06,4.2532501220703125,396.7900085449219,3703849100.0,2019-09-30/2019-10-06,
2019-10-13,4.412499904632568,485.9599914550781,3961883700.0,2019-10-07/2019-10-13,
2019-10-20,4.609749794006348,473.5899963378906,3631991500.0,2019-10-14/2019-10-20,
2019-10-27,4.775750160217285,488.6199951171875,3450720600.0,2019-10-21/2019-10-27,
2019-10-31,4.2532501220703125,494.3599853515625,16800228600.0,,2019-10
2019-11-03,4.945250034332275,494.3599853515625,3294668700.0,2019-10-28/2019-11-03,
2019-11-10,5.102749824523926,504.4200134277344,3073482400.0,2019-11-04/2019-11-10,
2019-11-17,5.015999794006348,523.5700073242188,4045070500.0,2019-11-11/2019-11-17,
2019-11-24,5.094250202178955,502.30999755859375,3720836500.0,2019-11-18/2019-11-24,
2019-11-30,4.964749813079834,523.5700073242188,14142719600.0,,2019-11
2019-12-01,5.388000011444092,515.0399780273438,2607132500.0,2019-11-25/2019-12-01,
2019-12-08,5.009250164031982,510.0,3365293200.0,2019-12-02/2019-12-08,
2019-12-15,5.272500038146973,531.489990234375,3586347200.0,2019-12-09/2019-12-15,
2019-12-22,5.6192498207092285,525.8699951171875,4444284200.0,2019-12-16/2019-12-22,
2019-12-29,5.895249843597412,512.2100219726562,2435783000.0,2019-12-23/2019-12-29,
2019-12-31,5.009250164031982,531.489990234375,15119596100.0,,2019-12
2020-01-05,5.7532501220703125,510.0,2725646800.0,2019-12-30/2020-01-05,
2020-01-12,5.781750202178955,449.9599914550781,3663382400.0,2020-01-06/2020-01-12,
2020-01-19,6.113249778747559,476.0799865722656,3739563000.0,2020-01-13/2020-01-19,
2020-01-26,6.164249897003174,482.5,2924467700.0,2020-01-20/2020-01-26,
2020-01-31,5.781750202178955,510.0,16330767100.0,,2020-01
2020-02-02,5.805749893188477,477.69000244140625,4565595700.0,2020-01-27/2020-02-02,
2020-02-09,5.886250019073486,480.8599853515625,3622707900.0,2020-02-03/2020-02-09,
2020-02-16,6.307499885559082,502.82000732421875,5233355300.0,2020-02-10/2020-02-16,
2020-02-23,7.121500015258789,514.010009765625,4626467000.0,2020-02-17/2020-02-23,
2020-02-29,5.886250019073486,514.010009765625,22846988400.0,,2020-02
2020-03-01,6.044750213623047,510.75,9364458200.0,2020-02-24/2020-03-01,
2020-03-08,6.449999809265137,522.8800048828125,7435221200.0,2020-03-02/2020-03-08,
2020-03-15,5.394999980926514,540.8699951171875,8491725400.0,2020-03-09/2020-03-15,
2020-03-22,4.517000198364258,542.8099975585938,9566053100.0,2020-03-16/2020-03-22,
2020-03-29,4.9629998207092285,506.67999267578125,8477011200.0,2020-03-23/2020-03-29,
2020-03-31,4.517000198364258,542.8099975585938,36916206500.0,,2020-03
2020-04-05,5.959750175476074,495.2200012207031,6705928800.0,2020-03-30/2020-04-05,
2020-04-12,6.323249816894531,527.1699829101562,5250705400.0,2020-04-06/2020-04-12,
2020-04-19,6.425000190734863,510.1499938964844,5891230100.0,2020-04-13/2020-04-19,
2020-04-26,6.677750110626221,539.77001953125,5078318200.0,2020-04-20/2020-04-26,
2020-04-30,5.959750175476074,539.77001953125,23964096500.0,,2020-04
2020-05-03,7.020999908447266,544.22998046875,5060173100.0,2020-04-27/2020-05-03,
2020-05-10,7.021999835968018,539.8699951171875,4026397700.0,2020-05-04/2020-05-10,
2020-05-17,7.594749927520752,525.489990234375,5819950100.0,2020-05-11/2020-05-17,
2020-05-24,8.680500030517578,527.5800170898438,6121674300.0,2020-05-18/2020-05-24,
2020-05-31,7.020999908447266,562.0700073242188,22502464100.0,,2020-05
2020-05-31,7.9967498779296875,562.0700073242188,5458378500.0,2020-05-25/2020-05-31,
2020-06-07,8.657999992370605,577.4000244140625,4056828800.0,2020-06-01/2020-06-07,
2020-06-14,8.685750007629395,583.3599853515625,5565201900.0,2020-06-08/2020-06-14,
2020-06-21,8.743749618530273,602.9500122070312,4882970700.0,2020-06-15/2020-06-21,
2020-06-28,9.125,600.0999755859375,4887365500.0,2020-06-22/2020-06-28,
2020-06-30,8.657999992370605,602.9500122070312,21069166800.0,,2020-06
2020-07-05,8.899999618530273,585.0,3385036500.0,2020-06-29/2020-07-05,
2020-07-12,9.712499618530273,601.2000122070312,4473637600.0,2020-07-06/2020-07-12,
2020-07-19,9.785499572753906,589.9000244140625,4903582700.0,2020-07-13/2020-07-19,
2020-07-26,9.777000427246094,599.6599731445312,4619516700.0,2020-07-20/2020-07-26,
2020-07-31,9.413000106811523,601.2000122070312,20330765200.0,,2020-07
2020-08-02,10.209250450134277,580.760009765625,4625791600.0,2020-07-27/2020-08-02,
2020-08-09,10.715250015258789,577.5,4692448500.0,2020-08-03/2020-08-09,
2020-08-16,10.79574966430664,619.9000244140625,4818041900.0,2020-08-10/2020-08-16,
2020-08-23,11.81725025177002,638.4000244140625,6375353100.0,2020-08-17/2020-08-23,
2020-08-30,12.507499694824219,632.3699951171875,5275672400.0,2020-08-24/2020-08-30,
2020-08-31,10.715250015258789,638.4000244140625,22384267500.0,,2020-08
2020-09-06,11.704750061035156,607.989990234375,8175014700.0,2020-08-31/2020-09-06,
2020-09-13,11.70425033569336,596.9400024414062,5623011300.0,2020-09-07/2020-09-13,
2020-09-20,11.988750457763672,504.6600036621094,7329192900.0,2020-09-14/2020-09-20,
2020-09-27,11.904500007629395,491.82000732421875,6459291600.0,2020-09-21/2020-09-27,
2020-09-30,11.70425033569336,607.989990234375,29803550600.0,,2020-09
2020-10-04,12.75,529.5499877929688,5656538700.0,2020-09-28/2020-10-04,
2020-10-11,13.222749710083008,544.280029296875,4798550900.0,2020-10-05/2020-10-11,
2020-10-18,13.767749786376953,572.489990234375,4556534000.0,2020-10-12/2020-10-18,
2020-10-25,13.231749534606934,541.7999877929688,3616859200.0,2020-10-19/2020-10-25,
2020-10-31,12.300000190734863,572.489990234375,19843676500.0,,2020-10
2020-11-01,12.300000190734863,513.9000244140625,4654985400.0,2020-10-26/2020-11-01,
2020-11-08,12.395000457763672,518.72998046875,4480952300.0,2020-11-02/2020-11-08,
2020-11-15,12.628250122070312,496.5199890136719,4909716400.0,2020-11-09/2020-11-15,
2020-11-22,13.0649995803833,494.760009765625,4194766000.0,2020-11-16/2020-11-22,
2020-11-29,12.885000228881836,493.25,2747470300.0,2020-11-23/2020-11-29,
2020-11-30,12.395000457763672,518.72998046875,17142218600.0,,2020-11
2020-12-06,12.972249984741211,509.4700012207031,3395934500.0,2020-11-30/2020-12-06,
2020-12-13,12.822999954223633,521.489990234375,3301038600.0,2020-12-07/2020-12-13,
2020-12-20,13.070500373840332,536.3699951171875,3740465700.0,2020-12-14/2020-12-20,
2020-12-27,12.938750267028809,532.6199951171875,2350133700.0,2020-12-21/2020-12-27,
2020-12-31,12.763250350952148,545.5,14585491800.0,,2020-12
2021-01-03,12.763250350952148,545.5,2607232900.0,2020-12-28/2021-01-03,
2021-01-10,12.586000442504883,540.7999877929688,4839258100.0,2021-01-04/2021-01-10,
2021-01-17,12.84850025177002,514.5,3908380600.0,2021-01-11/2021-01-17,
2021-01-24,12.843999862670898,593.2899780273438,3184614800.0,2021-01-18/2021-01-24,
2021-01-31,12.793749809265137,569.75,4233157200.0,2021-01-25/2021-01-31,
2021-01-31,12.586000442504883,593.2899780273438,16165410700.0,,2021-01
2021-02-07,12.902750015258789,559.47998046875,3393145300.0,2021-02-01/2021-02-07,
2021-02-14,13.727250099182129,566.6500244140625,3680737500.0,2021-02-08/2021-02-14,
2021-02-21,14.574999809265137,563.6300048828125,2784427600.0,2021-02-15/2021-02-21,
2021-02-28,12.902750015258789,566.6500244140625,14979945400.0,,2021-02
2021-02-28,13.2162504196167,556.8499755859375,5121635000.0,2021-02-22/2021-02-28,
2021-03-07,11.67924976348877,556.989990234375,4711194900.0,2021-03-01/2021-03-07,
2021-03-14,11.566499710083008,530.239990234375,4289487300.0,2021-03-08/2021-03-14,
2021-03-21,12.612500190734863,533.4199829101562,3669455300.0,2021-03-15/2021-03-21,
2021-03-28,12.272000312805176,543.1199951171875,3695675600.0,2021-03-22/2021-03-28,
2021-03-31,11.566499710083008,556.989990234375,18464595100.0,,2021-03
2021-04-04,12.699999809265137,540.5,2846092900.0,2021-03-29/2021-04-04,
2021-04-11,13.71150016784668,556.9000244140625,3180445600.0,2021-04-05/2021-04-11,
2021-04-18,14.139249801635742,559.75,4897537100.0,2021-04-12/2021-04-18,
2021-04-25,14.783499717712402,563.5599975585938,3448701600.0,2021-04-19/2021-04-25,
2021-04-30,13.511249542236328,563.5599975585938,15657521600.0,,2021-04
2021-05-02,14.996999740600586,514.5499877929688,3383526400.0,2021-04-26/2021-05-02,
2021-05-09,14.010250091552734,518.9500122070312,3572916200.0,2021-05-03/2021-05-09,
2021-05-16,13.458999633789062,503.1499938964844,3828065600.0,2021-05-10/2021-05-16,
2021-05-23,13.54325008392334,505.3999938964844,3713319700.0,2021-05-17/2021-05-23,
2021-05-30,15.175999641418457,511.760009765625,4387908000.0,2021-05-24/2021-05-30,
2021-05-31,13.458999633789062,518.9500122070312,15502209500.0,,2021-05
2021-06-06,15.903249740600586,505.4100036621094,3645471400.0,2021-05-31/2021-06-06,
2021-06-13,17.176000595092773,498.82000732421875,3701973900.0,2021-06-07/2021-06-13,
2021-06-20,17.58449935913086,504.489990234375,4926244600.0,2021-06-14/2021-06-20,
2021-06-27,17.822750091552734,533.0599975585938,4102345200.0,2021-06-21/2021-06-27,
2021-06-30,15.903249740600586,536.1300048828125,18535241100.0,,2021-06
2021-07-04,19.319000244140625,538.5399780273438,3699281600.0,2021-06-28/2021-07-04,
2021-07-11,19.70075035095215,544.6400146484375,3529441800.0,2021-07-05/2021-07-11,
2021-07-18,18.072999954223633,557.5399780273438,4202159700.0,2021-07-12/2021-07-18,
2021-07-25,17.86549949645996,536.6400146484375,4234637700.0,2021-07-19/2021-07-25,
2021-07-31,17.86549949645996,557.5399780273438,16670484500.0,,2021-07
2021-08-01,18.740999221801758,524.469970703125,3164169700.0,2021-07-26/2021-08-01,
2021-08-08,19.219999313354492,526.8400268554688,2727260600.0,2021-08-02/2021-08-08,
2021-08-15,19.43000030517578,522.6699829101562,2300420100.0,2021-08-09/2021-08-15,
2021-08-22,18.761999130249023,551.3900146484375,4179447300.0,2021-08-16/2021-08-22,
2021-08-29,20.950000762939453,564.1699829101562,3460686300.0,2021-08-23/2021-08-29,
2021-08-31,18.761999130249023,569.47998046875,13945804800.0,,2021-08
2021-09-05,22.1200008392334,598.760009765625,2969409400.0,2021-08-30/2021-09-05,
2021-09-12,21.976999282836914,615.5999755859375,2348379700.0,2021-09-06/2021-09-12,
2021-09-19,21.829999923706055,598.5700073242188,3208595300.0,2021-09-13/2021-09-19,
2021-09-26,20.66200065612793,599.3200073242188,3298880600.0,2021-09-20/2021-09-26,
2021-09-30,20.466999053955078,619.0,13303490100.0,,2021-09
2021-10-03,20.202999114990234,619.0,3520036900.0,2021-09-27/2021-10-03,
2021-10-10,19.55500030517578,646.8400268554688,3379843400.0,2021-10-04/2021-10-10,
2021-10-17,20.51099967956543,639.4199829101562,2807003600.0,2021-10-11/2021-10-17,
2021-10-24,21.643999099731445,665.4600219726562,2497026800.0,2021-10-18/2021-10-24,
2021-10-31,19.55500030517578,690.969970703125,12962847200.0,,2021-10
2021-10-31,22.770000457763672,690.969970703125,3515152100.0,2021-10-25/2021-10-31,
2021-11-07,25.226999282836914,689.969970703125,4717095300.0,2021-11-01/2021-11-07,
2021-11-14,28.777999877929688,683.3400268554688,4095629500.0,2021-11-08/2021-11-14,
2021-11-21,28.799999237060547,700.989990234375,4261861200.0,2021-11-15/2021-11-21,
2021-11-28,30.8799991607666,679.47998046875,3883540300.0,2021-11-22/2021-11-28,
2021-11-30,25.226999282836914,700.989990234375,19070165300.0,,2021-11
2021-12-05,30.1299991607666,675.3800048828125,5143232000.0,2021-11-29/2021-12-05,
2021-12-12,28.038000106811523,632.4600219726562,4699082800.0,2021-12-06/2021-12-12,
2021-12-19,27.25,612.6400146484375,5862870700.0,2021-12-13/2021-12-19,
2021-12-26,27.145000457763672,616.8800048828125,3165972000.0,2021-12-20/2021-12-26,
2021-12-31,27.145000457763672,654.52001953125,19906267200.0,,2021-12
2022-01-02,29.33099937438965,620.6099853515625,3147148700.0,2021-12-27/2022-01-02,
2022-01-09,27.05699920654297,609.989990234375,4197401700.0,2022-01-03/2022-01-09,
2022-01-16,25.643999099731445,544.27001953125,4377339500.0,2022-01-10/2022-01-16,
2022-01-23,23.26300048828125,526.6400146484375,4068330300.0,2022-01-17/2022-01-23,
2022-01-30,20.88800048828125,444.0400085449219,6743030400.0,2022-01-24/2022-01-30,
2022-01-31,20.88800048828125,609.989990234375,20623029600.0,,2022-01
2022-02-06,23.052000045776367,458.4800109863281,5704555200.0,2022-01-31/2022-02-06,
2022-02-13,23.773000717163086,457.8800048828125,5046258600.0,2022-02-07/2022-02-13,
2022-02-20,23.100000381469727,448.05999755859375,5579553700.0,2022-02-14/2022-02-20,
2022-02-27,20.889999389648438,437.8399963378906,4646374800.0,2022-02-21/2022-02-27,
2022-02-28,20.889999389648438,458.4800109863281,20702767600.0,,2022-02
2022-03-06,22.48200035095215,441.1099853515625,4186319000.0,2022-02-28/2022-03-06,
2022-03-13,20.649999618530273,432.29998779296875,4666581200.0,2022-03-07/2022-03-13,
2022-03-20,21.159000396728516,444.8599853515625,5048449000.0,2022-03-14/2022-03-20,
2022-03-27,25.575000762939453,452.9800109863281,4920265700.0,2022-03-21/2022-03-27,
2022-03-31,20.649999618530273,462.07000732421875,21292503000.0,,2022-03
2022-04-03,26.267000198364258,462.07000732421875,4319389500.0,2022-03-28/2022-04-03,
2022-04-10,23.062000274658203,457.8299865722656,4507227100.0,2022-04-04/2022-04-10,
2022-04-17,21.163000106811523,445.75,3733751800.0,2022-04-11/2022-04-17,
2022-04-24,19.5,450.010009765625,4893672100.0,2022-04-18/2022-04-24,
2022-04-30,18.290000915527344,457.8299865722656,19659102300.0,,2022-04
2022-05-01,18.290000915527344,429.6400146484375,5638902900.0,2022-04-25/2022-05-01,
2022-05-08,17.989999771118164,429.6600036621094,5755138200.0,2022-05-02/2022-05-08,
2022-05-15,15.567000389099121,406.4100036621094,6331233700.0,2022-05-09/2022-05-15,
2022-05-22,15.755000114440918,408.57000732421875,5188072500.0,2022-05-16/2022-05-22,
2022-05-29,15.779999732971191,415.3800048828125,6202306700.0,2022-05-23/2022-05-29,
2022-05-31,15.567000389099121,429.6600036621094,24669827600.0,,2022-05
2022-06-05,18.121999740600586,417.44000244140625,4199763500.0,2022-05-30/2022-06-05,
2022-06-12,16.868999481201172,416.6099853515625,4212953600.0,2022-06-06/2022-06-12,
2022-06-19,15.32800006866455,383.8999938964844,5665295600.0,2022-06-13/2022-06-19,
2022-06-26,15.852999687194824,390.0899963378906,3451684800.0,2022-06-20/2022-06-26,
2022-06-30,14.862000465393066,417.44000244140625,19929977000.0,,2022-06
2022-07-03,14.392000198364258,393.1600036621094,4495077800.0,2022-06-27/2022-07-03,
2022-07-10,14.055000305175781,390.6400146484375,3509512900.0,2022-07-04/2022-07-10,
2022-07-17,14.46500015258789,429.29998779296875,4175641200.0,2022-07-11/2022-07-17,
2022-07-24,16.00200080871582,488.5400085449219,5316808300.0,2022-07-18/2022-07-24,
2022-07-31,14.055000305175781,488.5400085449219,18274362600.0,,2022-07
2022-07-31,16.47800064086914,465.3299865722656,4370678400.0,2022-07-25/2022-07-31,
2022-08-07,17.989999771118164,427.0,3488134000.0,2022-08-01/2022-08-07,
2022-08-14,16.724000930786133,427.2099914550781,4395038500.0,2022-08-08/2022-08-14,
2022-08-21,17.770000457763672,431.7300109863281,3320980600.0,2022-08-15/2022-08-21,
2022-08-28,16.23699951171875,419.9599914550781,3967951700.0,2022-08-22/2022-08-28,
2022-08-31,14.958999633789062,431.7300109863281,17581650600.0,,2022-08
2022-09-04,13.270000457763672,405.8399963378906,4899925500.0,2022-08-29/2022-09-04,
2022-09-11,13.345999717712402,407.510009765625,3219130200.0,2022-09-05/2022-09-11,
2022-09-18,12.616999626159668,411.7300109863281,4769158900.0,2022-09-12/2022-09-18,
2022-09-25,12.256999969482422,389.30999755859375,4939807100.0,2022-09-19/2022-09-25,
2022-09-30,11.946000099182129,411.7300109863281,20015226200.0,,2022-09
2022-10-02,11.946000099182129,372.29998779296875,4596750300.0,2022-09-26/2022-10-02,
2022-10-09,12.022000312805176,379.4599914550781,4478129600.0,2022-10-03/2022-10-09,
2022-10-16,10.812999725341797,370.260009765625,5060988900.0,2022-10-10/2022-10-16,
2022-10-23,11.517000198364258,375.45001220703125,4617020600.0,2022-10-17/2022-10-23,
2022-10-30,12.064000129699707,389.5199890136719,4741162800.0,2022-10-24/2022-10-30,
2022-10-31,10.812999725341797,389.5199890136719,19757479100.0,,2022-10
2022-11-06,12.956000328063965,390.3900146484375,4863096800.0,2022-10-31/2022-11-06,
2022-11-13,13.758999824523926,399.3500061035156,4696489600.0,2022-11-07/2022-11-13,
2022-11-20,15.119999885559082,402.30999755859375,4544545600.0,2022-11-14/2022-11-20,
2022-11-27,15.079999923706055,402.92999267578125,2324204800.0,2022-11-21/2022-11-27,
2022-11-30,12.956000328063965,407.67999267578125,17732395800.0,,2022-11
2022-12-04,15.520000457763672,410.0,3581831100.0,2022-11-28/2022-12-04,
2022-12-11,15.666999816894531,404.92999267578125,3448356000.0,2022-12-05/2022-12-11,
2022-12-18,16.40999984741211,410.489990234375,4601605400.0,2022-12-12/2022-12-18,
2022-12-25,14.881999969482422,387.4100036621094,3441809800.0,2022-12-19/2022-12-25,
2022-12-31,13.883999824523926,410.489990234375,15413699600.0,,2022-12
2023-01-01,13.883999824523926,384.3500061035156,2504333500.0,2022-12-26/2023-01-01,
2023-01-08,14.034000396728516,389.25,2981899600.0,2023-01-02/2023-01-08,
2023-01-15,15.140999794006348,399.1000061035156,3692066700.0,2023-01-09/2023-01-15,
2023-01-22,16.731000900268555,400.2300109863281,3239001900.0,2023-01-16/2023-01-22,
2023-01-29,17.81800079345703,408.1600036621094,4206074100.0,2023-01-23/2023-01-29,
2023-01-31,14.034000396728516,408.1600036621094,15682705400.0,,2023-01
2023-02-05,18.950000762939453,418.30999755859375,4567337300.0,2023-01-30/2023-02-05,
2023-02-12,20.785999298095703,416.489990234375,4459480700.0,2023-02-06/2023-02-12,
2023-02-19,20.961999893188477,415.04998779296875,3878035200.0,2023-02-13/2023-02-19,
2023-02-26,20.42099952697754,404.1600036621094,3736305800.0,2023-02-20/2023-02-26,
2023-02-28,19.611000061035156,418.30999755859375,16476101600.0,,2023-02
2023-03-05,22.43199920654297,404.45001220703125,3488352900.0,2023-02-27/2023-03-05,
2023-03-12,22.72599983215332,407.45001220703125,3926479400.0,2023-03-06/2023-03-12,
2023-03-19,22.297000885009766,396.4700012207031,4958932700.0,2023-03-13/2023-03-19,
2023-03-26,25.1299991607666,402.489990234375,4397249600.0,2023-03-20/2023-03-26,
2023-03-31,22.297000885009766,409.70001220703125,18541365200.0,,2023-03
2023-04-02,25.850000381469727,409.70001220703125,3168956300.0,2023-03-27/2023-04-02,
2023-04-09,26.395000457763672,411.9200134277344,2592083900.0,2023-04-03/2023-04-09,
2023-04-16,26.219999313354492,415.0899963378906,3137547300.0,2023-04-10/2023-04-16,
2023-04-23,26.433000564575195,415.7200012207031,3263621400.0,2023-04-17/2023-04-23,
2023-04-30,26.219999313354492,415.94000244140625,12455553600.0,,2023-04
2023-04-30,26.225000381469727,415.94000244140625,3462301000.0,2023-04-24/2023-04-30,
2023-05-07,27.239999771118164,417.6199951171875,3473825400.0,2023-05-01/2023-05-07,
2023-05-14,28.04599952697754,414.5400085449219,2937212400.0,2023-05-08/2023-05-14,
2023-05-21,28.152000427246094,420.7200012207031,3756355400.0,2023-05-15/2023-05-21,
2023-05-28,29.805999755859375,420.7699890136719,5145146700.0,2023-05-22/2023-05-28,
2023-05-31,27.239999771118164,422.5799865722656,17892473400.0,,2023-05
2023-06-04,37.821998596191406,428.739990234375,4258759900.0,2023-05-29/2023-06-04,
2023-06-11,37.35599899291992,431.989990234375,3524371000.0,2023-06-05/2023-06-11,
2023-06-18,38.61800003051758,448.6499938964844,4479173600.0,2023-06-12/2023-06-18,
2023-06-25,42.01499938964844,440.0,2828409600.0,2023-06-19/2023-06-25,
2023-06-30,37.35599899291992,448.6499938964844,16274950900.0,,2023-06
2023-07-02,40.099998474121094,444.29998779296875,3764170300.0,2023-06-26/2023-07-02,
2023-07-09,41.34600067138672,450.9700012207031,1961150300.0,2023-07-03/2023-07-09,
2023-07-16,41.64899826049805,456.4800109863281,3629396500.0,2023-07-10/2023-07-16,
2023-07-23,44.099998474121094,485.0,4544996300.0,2023-07-17/2023-07-23,
2023-07-30,44.040000915527344,459.44000244140625,3177882600.0,2023-07-24/2023-07-30,
2023-07-31,41.34600067138672,485.0,13780387100.0,,2023-07
2023-08-06,43.387001037597656,458.1600036621094,3060746200.0,2023-07-31/2023-08-06,
2023-08-13,40.638999938964844,451.70001220703125,3534137400.0,2023-08-07/2023-08-13,
2023-08-20,40.31100082397461,448.1099853515625,4104560800.0,2023-08-14/2023-08-20,
2023-08-27,44.22200012207031,445.2200012207031,5442891600.0,2023-08-21/2023-08-27,
2023-08-31,40.31100082397461,457.25,19229469600.0,,2023-08
2023-09-03,44.88800048828125,453.6700134277344,4210656900.0,2023-08-28/2023-09-03,
2023-09-10,45.152000427246094,453.45001220703125,2688165800.0,2023-09-04/2023-09-10,
2023-09-17,43.80799865722656,451.0799865722656,3508983300.0,2023-09-11/2023-09-17,
2023-09-24,40.97999954223633,444.9700012207031,3447632100.0,2023-09-18/2023-09-24,
2023-09-30,40.97999954223633,453.6700134277344,13747521400.0,,2023-09
2023-10-01,41.176998138427734,432.2699890136719,3446178300.0,2023-09-25/2023-10-01,
2023-10-08,43.24599838256836,431.1300048828125,3329313500.0,2023-10-02/2023-10-08,
2023-10-15,44.36800003051758,437.3399963378906,3254029400.0,2023-10-09/2023-10-15,
2023-10-22,41.077999114990234,438.1400146484375,4148864400.0,2023-10-16/2023-10-22,
2023-10-29,39.880001068115234,424.82000732421875,3901201800.0,2023-10-23/2023-10-29,
2023-10-31,39.22999954223633,438.1400146484375,16052621100.0,,2023-10
2023-11-05,39.22999954223633,436.2900085449219,3550395200.0,2023-10-30/2023-11-05,
2023-11-12,44.89899826049805,447.4800109863281,3240375600.0,2023-11-06/2023-11-12,
2023-11-19,48.0989990234375,467.6499938964844,3158492300.0,2023-11-13/2023-11-19,
2023-11-26,47.689998626708984,482.70001220703125,2939492800.0,2023-11-20/2023-11-26,
2023-11-30,40.86899948120117,482.70001220703125,14050309200.0,,2023-11
2023-12-03,46.1870002746582,482.0,3199558100.0,2023-11-27/2023-12-03,
2023-12-10,45.0099983215332,461.20001220703125,3091139000.0,2023-12-04/2023-12-10,
2023-12-17,45.83000183105469,481.25,3825870800.0,2023-12-11/2023-12-17,
2023-12-24,48.097999572753906,500.8900146484375,2972777100.0,2023-12-18/2023-12-24,
2023-12-31,45.0099983215332,500.8900146484375,12384154000.0,,2023-12
2023-12-31,48.750999450683594,494.0199890136719,1875574300.0,2023-12-25/2023-12-31,
2024-01-07,47.31999969482422,484.6499938964844,2548022100.0,2024-01-01/2024-01-07,
2024-01-14,49.479000091552734,503.4100036621094,3982762300.0,2024-01-08/2024-01-14,
2024-01-21,54.7400016784668,494.1499938964844,2986894600.0,2024-01-15/2024-01-21,
2024-01-28,58.584999084472656,579.6400146484375,3360873800.0,2024-01-22/2024-01-28,
2024-01-31,47.31999969482422,579.6400146484375,14917368700.0,,2024-01
2024-02-04,60.70000076293945,578.5499877929688,3616887100.0,2024-01-29/2024-02-04,
2024-02-11,66.30000305175781,575.75,3831364600.0,2024-02-05/2024-02-11,
2024-02-18,69.62000274658203,597.0,3829929800.0,2024-02-12/2024-02-18,
2024-02-25,66.24800109863281,592.4299926757812,3972081200.0,2024-02-19/2024-02-25,
2024-02-29,61.650001525878906,605.3599853515625,15974421500.0,,2024-02
2024-03-03,77.125,620.280029296875,3485775600.0,2024-02-26/2024-03-03,
2024-03-10,83.41699981689453,624.4199829101562,4741605500.0,2024-03-04/2024-03-10,
2024-03-17,84.16600036621094,622.9199829101562,4570106800.0,2024-03-11/2024-03-17,
2024-03-24,85.01000213623047,634.3599853515625,4066488900.0,2024-03-18/2024-03-24,
2024-03-31,89.12300109863281,634.3900146484375,2981134400.0,2024-03-25/2024-03-31,
2024-03-31,79.43499755859375,634.3900146484375,17082136500.0,,2024-03
2024-04-07,85.87999725341797,638.0,3145347800.0,2024-04-01/2024-04-07,
2024-04-14,83.02200317382812,639.0,3198464300.0,2024-04-08/2024-04-14,
2024-04-21,75.60600280761719,630.1699829101562,3846558000.0,2024-04-15/2024-04-21,
2024-04-28,76.4000015258789,579.2100219726562,3659799400.0,2024-04-22/2024-04-28,
2024-04-30,75.60600280761719,639.0,15160758700.0,,2024-04
2024-05-05,81.25499725341797,580.260009765625,3550863300.0,2024-04-29/2024-05-05,
2024-05-12,88.23100280761719,623.97998046875,2850794800.0,2024-05-06/2024-05-12,
2024-05-19,88.52899932861328,625.7899780273438,2727816800.0,2024-05-13/2024-05-19,
2024-05-26,93.18000030517578,652.0,3290304200.0,2024-05-20/2024-05-26,
2024-05-31,81.25499725341797,664.25,14269799600.0,,2024-05
2024-06-02,106.94000244140625,664.25,3160609700.0,2024-05-27/2024-06-02,
2024-06-09,112.00299835205078,657.989990234375,3296906300.0,2024-06-03/2024-06-09,
2024-06-16,117.01000213623047,675.5800170898438,2662429000.0,2024-06-10/2024-06-16,
2024-06-23,124.30000305175781,689.8800048828125,2962900700.0,2024-06-17/2024-06-23,
2024-06-30,112.00299835205078,689.8800048828125,11916823600.0,,2024-06
2024-06-30,118.04000091552734,688.5700073242188,2994587600.0,2024-06-24/2024-06-30,
2024-07-07,118.83000183105469,697.489990234375,1618637200.0,2024-07-01/2024-07-07,
2024-07-14,127.04000091552734,695.27001953125,2299646900.0,2024-07-08/2024-07-14,
2024-07-21,116.55999755859375,678.969970703125,2356432600.0,2024-07-15/2024-07-21,
2024-07-28,106.30000305175781,656.2899780273438,2585952500.0,2024-07-22/2024-07-28,
2024-07-31,102.54000091552734,697.489990234375,10642601100.0,,2024-07
2024-08-04,101.37000274658203,646.7100219726562,3463504600.0,2024-07-29/2024-08-04,
2024-08-11,90.69000244140625,636.6199951171875,3475138300.0,2024-08-05/2024-08-11,
2024-08-18,106.26000213623047,680.22998046875,2507458700.0,2024-08-12/2024-08-18,
2024-08-25,123.0999984741211,711.3300170898438,2361111200.0,2024-08-19/2024-08-25,
2024-08-31,90.69000244140625,711.3300170898438,12679133500.0,,2024-08
2024-09-01,116.70999908447266,707.8900146484375,2653852600.0,2024-08-26/2024-09-01,
2024-09-08,100.94999694824219,703.8599853515625,2336082000.0,2024-09-02/2024-09-08,
2024-09-15,103.69000244140625,699.6400146484375,2527280100.0,2024-09-09/2024-09-15,
2024-09-22,113.22000122070312,715.6599731445312,2847453800.0,2024-09-16/2024-09-22,
2024-09-29,114.86000061035156,725.260009765625,2251937400.0,2024-09-23/2024-09-29,
2024-09-30,100.94999694824219,725.260009765625,10392337100.0,,2024-09
2024-10-06,115.13999938964844,721.010009765625,2145905500.0,2024-09-30/2024-10-06,
2024-10-13,124.94999694824219,736.0,2056938200.0,2024-10-07/2024-10-13,
2024-10-20,128.74000549316406,766.280029296875,2148064900.0,2024-10-14/2024-10-20,
2024-10-27,137.4600067138672,773.0,1919278700.0,2024-10-21/2024-10-27,
2024-10-31,115.13999938964844,773.0,9501439200.0,,2024-10
2024-11-03,132.11000061035156,763.8800048828125,2145936300.0,2024-10-28/2024-11-03,
2024-11-10,135.57000732421875,799.0599975585938,1927003600.0,2024-11-04/2024-11-10,
2024-11-17,140.0800018310547,841.0,2005329200.0,2024-11-11/2024-11-17,
2024-11-24,137.14999389648438,908.0,2293942000.0,2024-11-18/2024-11-24,
2024-11-30,131.8000030517578,908.0,8287169500.0,,2024-11
2024-12-01,131.8000030517578,902.0499877929688,1575794100.0,2024-11-25/2024-12-01,
2024-12-08,137.82000732421875,935.27001953125,1742760100.0,2024-12-02/2024-12-08,
2024-12-15,132.5399932861328,941.75,1826241100.0,2024-12-09/2024-12-15,
2024-12-22,126.86000061035156,928.9400024414062,2715345600.0,2024-12-16/2024-12-22,
2024-12-29,134.7100067138672,935.8499755859375,1115131600.0,2024-12-23/2024-12-29,
2024-12-31,126.86000061035156,941.75,7717297000.0,,2024-12
2025-01-05,134.02000427246094,908.22998046875,317818600.0,2024-12-30/2025-01-05,
